gap_id,external_document_id,external_chunk_id,external_requirement,external_citation,internal_document_id,internal_chunk_id,internal_evidence,internal_citation,classification,reason,confidence,review_status,request_id
GAP-44209_c001,44209,44209_c001,"NGÂN HÀNG NHÀ NƯỚC
VIỆT NAM
-------
CỘNG HÒA XÃ HỘI CHỦ NGHĨA VIỆT NAM
Độc lập - Tự do - Hạnh phúc
---------------
Số: 01/2014/TT-NHNN
Hà Nội, ngày 06 tháng 01 năm 2014
THÔNG TƯ
Quy định về giao nhận,...",,agr_at01,doc_agr_at01_01,"Quy định này áp dụng đối với toàn bộ cán bộ công nhân viên thuộc chi nhánh, phòng giao dịch Agribank trong công tác giao nhận, kiểm đếm, bảo quản và vận chuyển tiền mặt, tài sản quý, giấy tờ có giá. N...",[100/QĐ-NHNO-AT - Quy định nội bộ số 100/QĐ-NHNO-AT | Điều 1 | doc_agr_at01_01],DAP_UNG,"Quy định nội bộ của Agribank có phạm vi điều chỉnh về giao nhận, bảo quản, vận chuyển tiền mặt, tài sản quý, giấy tờ có giá, trùng khớp với mục đích và nội dung mà Thông tư 01/2014/TT-NHNN của NHNN quy định.",0.9,NEEDS_HUMAN_REVIEW,req-gap-903007b8
GAP-44209_c002,44209,44209_c002,"Điều 1. Phạm vi điều chỉnh
1. Thông tư này quy định việc giao nhận, bảo quản, vận chuyển; kiểm tra, kiểm kê, bàn giao, xử lý thừa thiếu tiền mặt, tài sản quý, giấy tờ có giá trong ngành Ngân hàng; việ...",,agr_at01,doc_agr_at01_01,"Quy định này áp dụng đối với toàn bộ cán bộ công nhân viên thuộc chi nhánh, phòng giao dịch Agribank trong công tác giao nhận, kiểm đếm, bảo quản và vận chuyển tiền mặt, tài sản quý, giấy tờ có giá. N...",[100/QĐ-NHNO-AT - Quy định nội bộ số 100/QĐ-NHNO-AT | Điều 1 | doc_agr_at01_01],THIEU,"Quy định nội bộ thiếu các điều khoản về kiểm tra, kiểm kê, bàn giao, xử lý thừa thiếu tiền mặt, tài sản quý, giấy tờ có giá và phạm vi thu, chi tiền mặt giữa các tổ chức/khách hàng như yêu cầu bên ngoài.",0.9,NEEDS_HUMAN_REVIEW,req-gap-434a0847
GAP-44209_c003,44209,44209_c003,"Điều 2. Đối tượng áp dụng
1. Ngân hàng Nhà nước Việt Nam (sau đây gọi tắt là Ngân hàng Nhà nước).
2. Tổ chức tín dụng, chi nhánh ngân hàng nước ngoài.
3. Khách hàng trong quan hệ giao dịch tiền mặt, t...",,agr_at01,doc_agr_at01_01,"Quy định này áp dụng đối với toàn bộ cán bộ công nhân viên thuộc chi nhánh, phòng giao dịch Agribank trong công tác giao nhận, kiểm đếm, bảo quản và vận chuyển tiền mặt, tài sản quý, giấy tờ có giá. N...",[100/QĐ-NHNO-AT - Quy định nội bộ số 100/QĐ-NHNO-AT | Điều 1 | doc_agr_at01_01],CHENH_LECH,"Quy định nội bộ áp dụng cho 'cán bộ công nhân viên Agribank', trong khi yêu cầu bên ngoài quy định 'Đối tượng áp dụng' rộng hơn, bao gồm 'Tổ chức tín dụng' (Agribank) và 'Khách hàng trong quan hệ giao dịch', tạo ra sự khác biệt về phạm vi đối tượng.",0.95,NEEDS_HUMAN_REVIEW,req-gap-8830a8cc
GAP-44209_c004,44209,44209_c004,"Điều 3. Giải thích từ ngữ
Trong Thông tư này, các từ ngữ dưới đây được hiểu như sau:
1. “Tiền mặt” là các loại tiền giấy, tiền kim loại do Ngân hàng Nhà nước phát hành.
2. “Tiền giấy” bao gồm tiền cot...",,agr_at01,doc_agr_at01_01,"Quy định này áp dụng đối với toàn bộ cán bộ công nhân viên thuộc chi nhánh, phòng giao dịch Agribank trong công tác giao nhận, kiểm đếm, bảo quản và vận chuyển tiền mặt, tài sản quý, giấy tờ có giá. N...",[100/QĐ-NHNO-AT - Quy định nội bộ số 100/QĐ-NHNO-AT | Điều 1 | doc_agr_at01_01],THIEU,"Quy định nội bộ tại Điều 1 xác định phạm vi áp dụng và một quy định cụ thể, nhưng không bao gồm các định nghĩa về 'Tiền mặt', 'Tài sản quý', 'Niêm phong', 'Kẹp chì', và các thuật ngữ khác như yêu cầu tại Điều 3 của quy định bên ngoài.",0.95,NEEDS_HUMAN_REVIEW,req-gap-e68356f9
GAP-44209_c005,44209,44209_c005,"Điều 4. Đóng gói tiền mặt
1. Một bó tiền gồm 1.000 (một nghìn) tờ tiền giấy cùng mệnh giá, cùng chất liệu được đóng thành 10 (mười) thếp, mỗi thếp gồm 100 (một trăm) tờ.
2. Một bao tiền gồm 20 (hai mư...",,agr_at01,doc_agr_at01_01,"Quy định này áp dụng đối với toàn bộ cán bộ công nhân viên thuộc chi nhánh, phòng giao dịch Agribank trong công tác giao nhận, kiểm đếm, bảo quản và vận chuyển tiền mặt, tài sản quý, giấy tờ có giá. N...",[100/QĐ-NHNO-AT - Quy định nội bộ số 100/QĐ-NHNO-AT | Điều 1 | doc_agr_at01_01],THIEU,"Bằng chứng nội bộ chỉ đề cập đến phạm vi áp dụng và các công tác chung như giao nhận, kiểm đếm, bảo quản, vận chuyển tiền mặt và một quy định về chìa khóa kho tiền, nhưng không có bất kỳ quy định cụ thể nào về quy cách đóng gói tiền mặt (số lượng tờ/miếng trong bó, thếp, túi, hộp, thùng) như yêu cầu bên ngoài.",0.95,NEEDS_HUMAN_REVIEW,req-gap-4256b54f
