source_id,source_so_ky_hieu,target_so_ky_hieu,trigger,evidence
166170,32/2024/QH15,47/2010/QH12,"Sửa đổi, bổ sung","3. Luật Các tổ chức tín dụng số 47/2010/QH12 đã được sửa đổi, bổ sung một số điều theo Luật số 17/2017/QH14 hết hiệu lực kể từ ngày Luật này có hiệu lực thi hành, t..."
166170,32/2024/QH15,17/2017/QH14,"Sửa đổi, bổ sung","3. Luật Các tổ chức tín dụng số 47/2010/QH12 đã được sửa đổi, bổ sung một số điều theo Luật số 17/2017/QH14 hết hiệu lực kể từ ngày Luật này có hiệu lực thi hành, trừ quy định tại các khoản 1, 2, 3, 4, 8, 9, 12 và 14 Điều 210 c..."
166170,32/2024/QH15,42/2017/QH14,Quy định tại,6. Tài sản bảo đảm của khoản nợ xấu là dự án bất động sản đã được thu giữ theo quy định tại Điều 7 của Nghị quyết số 42/2017/QH14 về thí điểm xử lý nợ xấu của các tổ chức tín dụng (sau đây gọi là Nghị quyết số 42/2017/QH14) hoặc đang thực hiện thủ t...
166170,32/2024/QH15,29/2023/QH15,Quy định tại,"...nhượng phải đáp ứng điều kiện quy định tại các điểm a, d, đ, g và h khoản 1 Điều 40 của Luật Kinh doanh bất động sản số 29/2023/QH15 và phải có quyết định giao đất, cho thuê đất của cơ quan nhà nước có thẩm quyền;"
112025,73/2016/NĐ-CP,67/2014/NĐ-CP,Tham chiếu,67/2014/NĐ-CP 1. Đại lý bảo hiểm bán bảo hiểm liên kết đơn vị phải đáp ứng các điều kiện sau:
112025,73/2016/NĐ-CP,67/2014/NĐ-CP,Nghị định,4. Đại lý bán bảo hiểm theo Nghị định 67/2014/NĐ-CP phải đáp ứng các điều kiện sau:
112025,73/2016/NĐ-CP,45/2007/NĐ-CP,Nghị định,2. Nghị định số 45/2007/NĐ-CP
112025,73/2016/NĐ-CP,123/2011/NĐ-CP,Tham chiếu,123/2011/NĐ-CP
112025,73/2016/NĐ-CP,45/2007/NĐ-CP,Tham chiếu,45/2007/NĐ-CP
112025,73/2016/NĐ-CP,68/2014/NĐ-CP,Tham chiếu,68/2014/NĐ-CP
112025,73/2016/NĐ-CP,46/2007/NĐ-CP,Tham chiếu,46/2007/NĐ-CP
38128,37/2014/TT-NHNN,46/2010/QH12,Căn cứ,Căn cứ Luật Ngân hàng Nhà nước Việt Nam số 46/2010/QH12 ;
38128,37/2014/TT-NHNN,156/2013/NĐ-CP,Căn cứ,Căn cứ Nghị định số 156/2013/NĐ-CP
38128,37/2014/TT-NHNN,40/2012/NĐ-CP,Căn cứ,Căn cứ Nghị định số 40/2012/NĐ-CP
38128,37/2014/TT-NHNN,23/2009/TT-NHNN,Thay thế,"Điều 21. Điều khoản thi hành Thông tư này có hiệu lực thi hành từ ngày 12 tháng 01 năm 2015 và thay thế Thông tư số 23/2009/TT-NHNN ngày 02/12/2009 quy định việc thiết kế mẫu, chế bản và quản lý in, đúc tiền Việt Nam. Điều 22. Trách nhiệm tổ chức thực..."
26750,67/2011/QH12,51/2001/QH10,Căn cứ,"...n cứ Hiến pháp nước Cộng hòa xã hội chủ nghĩa Việt Nam năm 1992 đã được sửa đổi, bổ sung một số điều theo Nghị quyết số 51/2001/QH10; Quốc hội ban hành Luật Kiểm toán độc lập,"
163441,46/2023/NĐ-CP,47/2020/NĐ-CP,Quy định tại,"...iểm với các cơ sở dữ liệu quốc gia và các cơ sở dữ liệu chuyên ngành khác được thực hiện theo quy định tại Nghị định số 47/2020/NĐ-CP ngày 09 tháng 4 năm 2020 của Chính phủ về quản lý, kết nối và chia sẻ dữ liệu số trong cơ quan nhà nước và pháp luật ch..."
163441,46/2023/NĐ-CP,73/2016/NĐ-CP,Quy định tại,"...c ngày 01 tháng 01 năm 2028, vốn điều lệ, vốn chủ sở hữu không thấp hơn vốn pháp định quy định tại Điều 10 Nghị định số 73/2016/NĐ-CP; từ ngày 01 tháng 01 năm 2028, vốn điều lệ, vốn chủ sở hữu không thấp hơn vốn điều lệ tối thiểu theo quy định tại Điều ..."
163441,46/2023/NĐ-CP,08/2022/QH15,Quy định tại,...ên kết đơn vị phải đảm bảo tuân thủ quy định chung về nguyên tắc đầu tư tại khoản 2 Điều 99 Luật Kinh doanh bảo hiểm số 08/2022/QH15. 2. Hạn mức đầu tư của từng quỹ liên kết đơn vị:
163441,46/2023/NĐ-CP,73/2016/NĐ-CP,"Sửa đổi, bổ sung","4. Nghị định này thay thế các văn bản sau: a) Nghị định số 73/2016/NĐ-CP ngày 01 tháng 7 năm 2016 của Chính phủ quy định chi tiết thi hành Luật Kinh doanh bảo hiểm và Luật sửa đổi, bổ sung một..."
163441,46/2023/NĐ-CP,151/2018/NĐ-CP,"Sửa đổi, bổ sung","b) Chương III Nghị định số 151/2018/NĐ-CP ngày 07 tháng 11 năm 2018 của Chính phủ sửa đổi, bổ sung một số Nghị định quy định về điều kiện đầu tư, kinh doanh thuộ..."
163441,46/2023/NĐ-CP,80/2019/NĐ-CP,"Sửa đổi, bổ sung","c) Điều 1 Nghị định số 80/2019/NĐ-CP ngày 01 tháng 11 năm 2019 của Chính phủ sửa đổi, bổ sung một số điều của Nghị định số 73/2016/NĐ-CP ngày 01 tháng 7 năm..."
163441,46/2023/NĐ-CP,98/2013/NĐ-CP,"Sửa đổi, bổ sung","... tiết thi hành Luật Kinh doanh bảo hiểm và Luật sửa đổi, bổ sung một số điều của Luật Kinh doanh bảo hiểm, Nghị định số 98/2013/NĐ-CP ngày 28 tháng 8 năm 2013 của Chính phủ quy định về xử phạt vi phạm hành chính trong lĩnh vực kinh doanh bảo hiểm, kinh ..."
163441,46/2023/NĐ-CP,48/2018/NĐ-CP,"Sửa đổi, bổ sung","... hành chính trong lĩnh vực kinh doanh bảo hiểm, kinh doanh xổ số đã được sửa đổi, bổ sung một số điều theo Nghị định số 48/2018/NĐ-CP ngày 21 tháng 3 năm 2018 của Chính phủ. Điều 123. Trách nhiệm thi hành"
163441,46/2023/NĐ-CP,08/2022/QH15,Căn cứ,Kính gửi: Bộ trưởng Bộ Tài chính. Căn cứ Luật Kinh doanh bảo hiểm số 08/2022/QH15 ngày 16/6/2022 và các văn bản hướng dẫn thi hành;
163441,46/2023/NĐ-CP,14/2023/NĐ-CP,Căn cứ,"Căn cứ Luật Kinh doanh bảo hiểm số 08/2022/QH15 ngày 16/6/2022; Căn cứ Nghị định số 14/2023/NĐ-CP ngày 20/4/2023 của Chính phủ quy định chức năng, nhiệm vụ, quyền hạn và cơ cấu tổ chức của Bộ Tài chính;"
163441,46/2023/NĐ-CP,16/2022/QH15,Căn cứ,BỘ TRƯỞNG BỘ TÀI CHÍNH Căn cứ Luật Kinh doanh bảo hiểm số 16/2022/QH15 ngày 16/6/2022;
146468,156/2020/NĐ-CP,108/2013/NĐ-CP,"Sửa đổi, bổ sung",1. Nghị định này có hiệu lực thi hành từ ngày 01 tháng 01 năm 2021. 2. Nghị định số 108/2013/NĐ-CP ngày 23 tháng 9 năm 2013 của Chính phủ quy định xử phạt vi phạm hành chính trong lĩnh vực chứng khoán và thị trường chứ...
146468,156/2020/NĐ-CP,145/2016/NĐ-CP,"Sửa đổi, bổ sung","... của Chính phủ quy định xử phạt vi phạm hành chính trong lĩnh vực chứng khoán và thị trường chứng khoán và Nghị định số 145/2016/NĐ-CP ngày 01 tháng 11 năm 2016 của Chính phủ sửa đổi, bổ sung một số điều của Nghị định số 108/2013/NĐ-CP ngày 23 tháng 9 nă..."
168220,27/2024/TT-NHNN,2024/TT-NHNN,Tham chiếu,"---------------------------- Số: 27 /2024/TT-NHNN Hà Nội, ngày 28 tháng 6 năm 2024"
168220,27/2024/TT-NHNN,102/2022/NĐ-CP,Căn cứ,"Căn cứ Luật Hợp tác xã ngày 20 tháng 6 năm 2023; Căn cứ Nghị định số 102/2022/NĐ-CP ngày 12 tháng 12 năm 2022 của Chính phủ quy định chức năng, nhiệm vụ, quyền hạn và cơ cấu tổ chức của Ngân hàng Nhà nướ..."
168220,27/2024/TT-NHNN,31/2012/TT-NHNN,Bãi bỏ,2. Thông tư này bãi bỏ: a) Thông tư số 31/2012/TT-NHNN ngày 26 tháng 11 năm 2012 của Thống đốc Ngân hàng Nhà nước quy định về ngân hàng hợp tác xã;
168220,27/2024/TT-NHNN,09/2016/TT-NHNN,"Sửa đổi, bổ sung","b) Thông tư số 09/2016/TT-NHNN ngày 17 tháng 6 năm 2016 sửa đổi, bổ sung một số điều của Thông tư số 31/2012/TT-NHNN ngày 26/11/2012 của Thống đốc Ngâ..."
168220,27/2024/TT-NHNN,31/2012/TT-NHNN,"Sửa đổi, bổ sung","b) Thông tư số 09/2016/TT-NHNN ngày 17 tháng 6 năm 2016 sửa đổi, bổ sung một số điều của Thông tư số 31/2012/TT-NHNN ngày 26/11/2012 của Thống đốc Ngân hàng Nhà nước quy định về ngân hàng hợp tác xã;"
168220,27/2024/TT-NHNN,03/2014/TT-NHNN,Thông tư,c) Thông tư số 03/2014/TT-NHNN ngày 23 tháng 01 năm 2014 của Thống đốc Ngân hàng Nhà nước quy định về Quỹ đảm bảo an toàn hệ thống quỹ tín dụng nhân d...
168220,27/2024/TT-NHNN,21/2019/TT-NHNN,"Sửa đổi, bổ sung","d) Điều 1 và Điều 5 Thông tư số 21/2019/TT-NHNN ngày 14 tháng 11 năm 2019 sửa đổi, bổ sung một số điều của các Thông tư quy định về ngân hàng hợp tác xã, quỹ tín dụng ..."
168220,27/2024/TT-NHNN,24/2023/TT-NHNN,"Sửa đổi, bổ sung","đ) Điều 1 Thông tư số 24/2023/TT-NHNN ngày 30 tháng 12 năm 2023 sửa đổi, bổ sung một số điều của các Thông tư liên quan đến việc nộp, xuất trình, cung cấp th..."
168220,27/2024/TT-NHNN,21/2023/TT-NHNN,"Sửa đổi, bổ sung","đ) Điều 2 Thông tư 21/2023/TT-NHNN sửa đổi, bổ sung một số điều của các Thông tư liên quan đến hoạt động kinh doanh thuộc phạm vi, chức năng quản lý của N..."
133858,05/2019/NĐ-CP,68/2000/NĐ-CP,Nghị định,"...oản đóng góp theo lương của số người lao động hiện có (bao gồm: số biên chế có mặt, lao động hợp đồng theo Nghị định số 68/2000/NĐ-CP ngày 17 tháng 11 năm 2000 của Chính phủ và lao động hợp đồng chuyên môn khác) trong một năm từ 20 tỷ đồng trở lên hoặc ..."
169221,43/2024/TT-NHNN,01/2014/TT-NHNN,"Sửa đổi, bổ sung","THÔNG TƯ Sửa đổi, bổ sung một số điều của Thông tư số 01/2014/TT-NHNN ngày 10 tháng 12 năm 2014 của Thống đốc Ngân hàng Nhà nước Việt Nam hướng dẫn"
169221,43/2024/TT-NHNN,50/2014/NĐ-CP,Căn cứ,Căn cứ Nghị định số 50/2014/NĐ-CP ngày 20 tháng 5 năm 2014 của Chính phủ về quản lý dự trữ ngoại hối nhà nước;
169221,43/2024/TT-NHNN,102/2022/NĐ-CP,Căn cứ,"Căn cứ Nghị định số 102/2022/NĐ-CP ngày 12 tháng 12 năm 2022 của Chính phủ quy định chức năng, nhiệm vụ, quyền hạn và cơ cấu tổ chức của Ngân hàng Nhà nướ..."
169221,43/2024/TT-NHNN,12/2023/TT-NHNN,"Sửa đổi, bổ sung","7. Sửa đổi, bổ sung khoản 1 và khoản 5 Điều 14 (đã được sửa đổi, bổ sung bởi khoản 11 Điều 1 Thông tư số 12/2023/TT-NHNN ngày 12/10/2023 của Thống đốc Ngân hàng Nhà nước Việt Nam sửa đổi, bổ sung một số điều của các văn bản quy phạm pháp lu..."
169221,43/2024/TT-NHNN,12/2023/TT-NHNN,Quy định tại,...ông nhiệm vụ hạch toán giữa Cục Quản lý dự trữ ngoại hối nhà nước và Sở Giao dịch theo quy định tại Điều 13 Thông tư số 12/2023/TT-NHNN:
169221,43/2024/TT-NHNN,01/2020/TT-NHNN,"Sửa đổi, bổ sung","13. Sửa đổi, bổ sung điểm a và điểm c khoản 2 Điều 30 (đã được sửa đổi, bổ sung bởi khoản 13 Điều 1 Thông tư số 01/2020/TT-NHNN ngày 31/12/2020 của Thống đốc Ngân hàng Nhà nước Việt Nam sửa đổi, bổ sung một số điều của Thông tư 01/2014/TT-NHNN ngà..."
169221,43/2024/TT-NHNN,01/2020/TT-NHNN,Bãi bỏ,"...9/2024. 2. Thông tư này bãi bỏ khoản 3, khoản 4, khoản 5, khoản 9, khoản 16 Điều 1, khoản 3, khoản 4 Điều 2 Thông tư số 01/2020/TT-NHNN."
169221,43/2024/TT-NHNN,12/2023/TT-NHNN,Bãi bỏ,"... khoản 3, khoản 4, khoản 5, khoản 6, khoản 8, khoản 12 và khoản 16, điểm b khoản 20 Điều 1 và Phụ lục số 09 Thông tư số 12/2023/TT-NHNN. Nơi nhận:"
95652,135/2015/NĐ-CP,2015/NĐ-CP,Tham chiếu,"135 /2015/NĐ-CP Hà Nội, ngày 31 tháng 12 năm 2015"
f69936f0-6937-11f1-a48d-29bc6b0fd706,17/VBHN-BTC,156/2020/NĐ-CP,"Sửa đổi, bổ sung",Nghị định số 156/2020/NĐ-CP ngày 31 tháng 12 năm 2020 của Chính phủ quy định xử phạt vi phạm hành chính trong lĩnh vực chứng khoán và thị trường ch...
f69936f0-6937-11f1-a48d-29bc6b0fd706,17/VBHN-BTC,128/2021/NĐ-CP,"Sửa đổi, bổ sung","Nghị định số 128/2021/NĐ-CP ngày 30 tháng 12 năm 2021 của Chính phủ sửa đổi, bổ sung một số điều của Nghị định số 156/2020/NĐ-CP ngày 31 tháng 12 n..."
f69936f0-6937-11f1-a48d-29bc6b0fd706,17/VBHN-BTC,306/2025/NĐ-CP,"Sửa đổi, bổ sung","Nghị định số 306/2025/NĐ-CP ngày 25 tháng 11 năm 2025 của Chính phủ sửa đổi, bổ sung một số điều của Nghị định số 156/2020/NĐ-CP ngày 31 tháng 12 n..."
f69936f0-6937-11f1-a48d-29bc6b0fd706,17/VBHN-BTC,158/2020/NĐ-CP,"Sửa đổi, bổ sung","... sửa đổi, bổ sung một số điều theo Nghị định số 128/2021/NĐ-CP ngày 30 tháng 12 năm 2021 của Chính phủ) và Nghị định số 158/2020/NĐ-CP ngày 31 tháng 12 năm 2020 của Chính phủ về chứng khoán phái sinh và thị trường chứng khoán phái sinh, có hiệu lực thi h..."
f69936f0-6937-11f1-a48d-29bc6b0fd706,17/VBHN-BTC,155/2020/NĐ-CP,Quy định tại,...úng thực hiện thông báo thay đổi tỷ lệ sở hữu nước ngoài tối đa không đúng thời gian quy định tại Điều 141 Nghị định số 155/2020/NĐ-CP ngày 31 tháng 12 năm 2020 của Chính phủ quy định chi tiết thi hành một số điều của Luật Chứng khoán.
f69936f0-6937-11f1-a48d-29bc6b0fd706,17/VBHN-BTC,108/2013/NĐ-CP,"Sửa đổi, bổ sung",1. Nghị định này có hiệu lực thi hành từ ngày 01 tháng 01 năm 2021. 2. Nghị định số 108/2013/NĐ-CP ngày 23 tháng 9 năm 2013 của Chính phủ quy định xử phạt vi phạm hành chính trong lĩnh vực chứng khoán và thị trường chứ...
f69936f0-6937-11f1-a48d-29bc6b0fd706,17/VBHN-BTC,145/2016/NĐ-CP,"Sửa đổi, bổ sung","... của Chính phủ quy định xử phạt vi phạm hành chính trong lĩnh vực chứng khoán và thị trường chứng khoán và Nghị định số 145/2016/NĐ-CP ngày 01 tháng 11 năm 2016 của Chính phủ sửa đổi, bổ sung một số điều của Nghị định số 108/2013/NĐ-CP ngày 23 tháng 9 nă..."
30402,202/2012/TT-BTC,67/2011/QH12,Căn cứ,Căn cứ Luật Kiểm toán độc lập số 67/2011/QH12 ngày 29 tháng 3 năm 2011;
30402,202/2012/TT-BTC,17/2012/NĐ-CP,Căn cứ,Căn cứ Nghị định số 17/2012/NĐ-CP
30402,202/2012/TT-BTC,118/2008/NĐ-CP,Căn cứ,Căn cứ Nghị định số 118/2008/NĐ-CP
30402,202/2012/TT-BTC,01/ĐKHN,Quy định tại,... ký hành nghề kiểm toán 1. Đơn đề nghị cấp Giấy chứng nhận đăng ký hành nghề kiểm toán theo mẫu quy định tại Phụ lục số 01/ĐKHN ban hành kèm theo Thông tư này. 2. Bản sao hợp đồng lao động làm toàn bộ thời gian tại doanh nghiệp kiểm toán.
30402,202/2012/TT-BTC,04/ĐKHN,Quy định tại,...i gian tại doanh nghiệp kiểm toán. 3. Giấy xác nhận về thời gian thực tế làm kiểm toán theo mẫu quy định tại Phụ lục số 04/ĐKHN ban hành kèm theo Thông tư này hoặc tài liệu chứng minh về thời gian thực tế làm kiểm toán hoặc Bản giải trình kèm theo...
30402,202/2012/TT-BTC,05/ĐKHN,Quy định tại,4. Bản thông tin cá nhân theo mẫu quy định tại Phụ lục số 05/ĐKHN ban hành kèm theo Thông tư này.
30402,202/2012/TT-BTC,06/ĐKHN,Quy định tại,...n đăng ký hành nghề kiểm toán cho các kiểm toán viên đăng ký hành nghề tại đơn vị mình theo mẫu quy định tại Phụ lục số 06/ĐKHN ban hành kèm theo Thông tư này kèm theo hồ sơ đăng ký hành nghề của từng kiểm toán viên. Hồ sơ gửi trực tiếp hoặc gửi q...
30402,202/2012/TT-BTC,07/ĐKHN,Quy định tại,3. Mẫu Giấy chứng nhận đăng ký hành nghề kiểm toán được quy định tại Phụ lục số 07/ĐKHN ban hành kèm theo Thông tư này. Điều 7. Cấp và sử dụng Giấy chứng nhận đăng ký hành nghề kiểm toán
30402,202/2012/TT-BTC,02/ĐKHN,Quy định tại,a) Đơn đề nghị cấp lại Giấy chứng nhận đăng ký hành nghề kiểm toán theo mẫu quy định tại Phụ lục số 02/ĐKHN ban hành kèm theo Thông tư này;
30402,202/2012/TT-BTC,03/ĐKHN,Quy định tại,a) Đơn đề nghị điều chỉnh Giấy chứng nhận đăng ký hành nghề kiểm toán theo mẫu quy định tại Phụ lục số 03/ĐKHN ban hành kèm theo Thông tư này;
30402,202/2012/TT-BTC,10/ĐKHN,Quy định tại,...ều kiện hành nghề kiểm toán hàng năm cho Bộ Tài chính thông qua doanh nghiệp kiểm toán theo mẫu quy định tại Phụ lục số 10/ĐKHN ban hành kèm theo Thông tư này.
30402,202/2012/TT-BTC,08/ĐKHN,Quy định tại,"...iá trị đối với các trường hợp quy định tại điểm d, đ, e, h khoản 1 Điều 8 Thông tư này theo mẫu quy định tại Phụ lục số 08/ĐKHN ban hành kèm theo Thông tư này."
30402,202/2012/TT-BTC,11/ĐKHN,Quy định tại,... hành nghề kiểm toán hàng năm của các kiểm toán viên đăng ký hành nghề tại đơn vị mình theo mẫu quy định tại Phụ lục số 11/ĐKHN ban hành kèm theo Thông tư này kèm theo Báo cáo duy trì điều kiện hành nghề kiểm toán hàng năm của từng kiểm toán viên ...
30402,202/2012/TT-BTC,09/ĐKHN,Quy định tại,...giữa trụ sở chính với các chi nhánh hoặc giữa các chi nhánh của doanh nghiệp kiểm toán theo mẫu quy định tại Phụ lục số 09/ĐKHN ban hành kèm theo Thông tư này.
30402,202/2012/TT-BTC,64/2004/TT-BTC,Hướng dẫn,...quy định về đăng ký hành nghề kiểm toán của kiểm toán viên và quản lý kiểm toán viên hành nghề quy định tại Thông tư số 64/2004/TT-BTC ngày 29/6/2004 hướng dẫn thi hành một số điều của Nghị định số 105/2004/NĐ-CP ngày 30/3/2004 của Chính phủ về kiểm toán...
30402,202/2012/TT-BTC,105/2004/NĐ-CP,Hướng dẫn,...n viên hành nghề quy định tại Thông tư số 64/2004/TT-BTC ngày 29/6/2004 hướng dẫn thi hành một số điều của Nghị định số 105/2004/NĐ-CP ngày 30/3/2004 của Chính phủ về kiểm toán độc lập hết hiệu lực kể từ ngày Thông tư này có hiệu lực thi hành. Điều 18. T...
173460,57/2024/TT-NHNN,102/2022/NĐ-CP,Căn cứ,"Căn cứ Luật Các tổ chức tín dụng ngày 18 tháng 01 năm 2024; Căn cứ Nghị định số 102/2022/NĐ-CP ngày 12 tháng 12 năm 2022 của Chính phủ quy định chức năng, nhiệm vụ, quyền hạn và cơ cấu tổ chức của Ngân hàng Nhà nướ..."
173460,57/2024/TT-NHNN,162/2024/NĐ-CP,Căn cứ,"Căn cứ Nghị định số 162/2024/NĐ-CP ngày 20 tháng 12 năm 2024 của Chính phủ quy định điều kiện cấp Giấy phép đối với quỹ tín dụng nhân dân, tổ chức tài chí..."
27257,44/2011/TT-NHNN,46/2010/QH12,Căn cứ,"của tổ chức tín dụng, chi nhánh ngân hàng nước ngoài Căn cứ Luật Ngân hàng Nhà nước Việt Nam số 46/2010/QH12 ngày 16 tháng 6 năm 2010; Căn cứ Luật Các tổ chức tín dụng số 47/2010/QH12 ngày 16 tháng 6 năm 2010;"
27257,44/2011/TT-NHNN,47/2010/QH12,Căn cứ,Căn cứ Luật Các tổ chức tín dụng số 47/2010/QH12 ngày 16 tháng 6 năm 2010;
27257,44/2011/TT-NHNN,96/2008/NĐ-CP,Căn cứ,"Căn cứ Luật Các tổ chức tín dụng số 47/2010/QH12 ngày 16 tháng 6 năm 2010; Căn cứ Nghị định số 96/2008/NĐ-CP ngày 26/8/2008 của Chính phủ quy định chức năng, nhiệm vụ, quyền hạn và cơ cấu tổ chức của Ngân hàng Nhà nước Việt Nam;"
27257,44/2011/TT-NHNN,36/2006/QĐ-NHNN,Thông tư,"1. Thông tư này có hiệu lực thi hành kể từ ngày 12 tháng 02 năm 2012. 2. Quyết định số 36/2006/QĐ-NHNN ngày 01/8/2006 của Thống đốc Ngân hàng Nhà nước ban hành Quy chế kiểm tra, kiểm soát nội bộ của tổ chức tín dụng và Quy..."
27257,44/2011/TT-NHNN,37/2006/QĐ-NHNN,Thông tư,"...2006 của Thống đốc Ngân hàng Nhà nước ban hành Quy chế kiểm tra, kiểm soát nội bộ của tổ chức tín dụng và Quyết định số 37/2006/QĐ-NHNN ngày 01/8/2006 của Thống đốc Ngân hàng Nhà nước ban hành Quy chế kiểm toán nội bộ của tổ chức tín dụng hết hiệu lực kể ..."
143217,66/2020/TT-BTC,88/2015/QH,Căn cứ,Ban hành Quy chế mẫu về kiểm toán nội bộ áp dụng cho doanh nghiệp Căn cứ Luật kế toán số 88/2015/QH 13 ngày 20 tháng 11 năm 2015;
143217,66/2020/TT-BTC,05/2019/NĐ-CP,Căn cứ,Căn cứ Luật kế toán số 88/2015/QH 13 ngày 20 tháng 11 năm 2015; Căn cứ Nghị định số 05/2019/NĐ-CP ngày 22 thảng 01 năm 2019 của Chính phủ về kiếm toán nội bộ; Căn cứ Nghị định số
143217,66/2020/TT-BTC,87/2017/NĐ-CP,Căn cứ,Căn cứ Nghị định số 87/2017/NĐ-CP
143217,66/2020/TT-BTC,05/2019/NĐ-CP,Quy định tại,Điều 2. Đối tượng áp dụng 1. Thông tư này áp dụng đối với các doanh nghiệp quy định tại khoản 1 Điều 10 Nghị định số 05/2019/NĐ-CP ngày 22 tháng 01 năm 2019 của Chính phủ về kiếm toán nội bộ.
143217,66/2020/TT-BTC,05/2019/NĐ-CP,Thông tư,"...oán nội bộ tại Phụ lục Thông tư này để xây dựng Quy chế kiểm toán nội bộ, đảm bảo phù hợp với quy định của Nghị định số 05/2019/NĐ-CP ngày 22 tháng 01 năm 2019 của Chính phù về kiểm toán nội bộ, các quy định pháp luật hiện hành và cơ cấu tổ chức, hoạt đ..."
168859,29/2024/TT-NHNN,102/2022/NĐ-CP,Căn cứ,"Căn cứ Luật Hợp tác xã ngày 17 tháng 6 năm 2023; Căn cứ Nghị định số 102/2022/NĐ-CP ngày 12 tháng 12 năm 2022 của Chính phủ quy định chức năng, nhiệm vụ, quyền hạn và cơ cấu tổ chức của Ngân hàng Nhà nướ..."
168859,29/2024/TT-NHNN,06/2007/TT-NHNN,"Sửa đổi, bổ sung","...hân dân hoạt động theo ngành nghề, quỹ tín dụng nhân dân hoạt động theo từng doanh nghiệp được quy định tại Thông tư số 06/2007/TT-NHNN ngày 06 tháng 11 năm 2007 của Thống đốc Ngân hàng Nhà nước sửa đổi, bổ sung Thông tư số 08/2005/TT-NHNN ngày 30 tháng 1..."
168859,29/2024/TT-NHNN,08/2005/TT-NHNN,"Sửa đổi, bổ sung","...tại Thông tư số 06/2007/TT-NHNN ngày 06 tháng 11 năm 2007 của Thống đốc Ngân hàng Nhà nước sửa đổi, bổ sung Thông tư số 08/2005/TT-NHNN ngày 30 tháng 12 năm 2005 của Ngân hàng Nhà nước hướng dẫn thực hiện Nghị định số 48/2001/NĐ-CP ngày 13/8/2001 về tổ ch..."
168859,29/2024/TT-NHNN,48/2001/NĐ-CP,"Sửa đổi, bổ sung","..., bổ sung Thông tư số 08/2005/TT-NHNN ngày 30 tháng 12 năm 2005 của Ngân hàng Nhà nước hướng dẫn thực hiện Nghị định số 48/2001/NĐ-CP ngày 13/8/2001 về tổ chức và hoạt động của quỹ tín dụng nhân dân và Nghị định số 69/2005/NĐ-CP"
168859,29/2024/TT-NHNN,69/2005/NĐ-CP,Tham chiếu,69/2005/NĐ-CP
168859,29/2024/TT-NHNN,48/2001/NĐ-CP,Tham chiếu,48/2001/NĐ-CP
168859,29/2024/TT-NHNN,04/2015/TT-NHNN,Bãi bỏ,2. Thông tư này bãi bỏ: a) Thông tư 04/2015/TT-NHNN ngày 31/03/2015 của Thống đốc Ngân hàng Nhà nước quy định về quỹ tín dụng nhân dân;
168859,29/2024/TT-NHNN,06/2017/TT-NHNN,"Sửa đổi, bổ sung","b) Thông tư số 06/2017/TT-NHNN ngày 05/7/2017 của Thống đốc Ngân hàng sửa đổi, bổ sung một số điều của Thông tư số 03/2014/TT-NHNN ngày 23/01/2014 của..."
168859,29/2024/TT-NHNN,03/2014/TT-NHNN,"Sửa đổi, bổ sung","b) Thông tư số 06/2017/TT-NHNN ngày 05/7/2017 của Thống đốc Ngân hàng sửa đổi, bổ sung một số điều của Thông tư số 03/2014/TT-NHNN ngày 23/01/2014 của Thống đốc Ngân hàng Nhà nước quy định về quỹ bảo đảm an toàn hệ thống quỹ tín dụng nhân dân và Thôn..."
168859,29/2024/TT-NHNN,04/2015/TT-NHNN,"Sửa đổi, bổ sung",.../01/2014 của Thống đốc Ngân hàng Nhà nước quy định về quỹ bảo đảm an toàn hệ thống quỹ tín dụng nhân dân và Thông tư số 04/2015/TT-NHNN ngày 31/03/2015 của Thống đốc Ngân hàng Nhà nước quy định về quỹ tín dụng nhân dân;
168859,29/2024/TT-NHNN,21/2019/TT-NHNN,"Sửa đổi, bổ sung","c) Điều 2, khoản 1 Điều 6 Thông tư 21/2019/TT-NHNN ngày 14/11/2019 của Thống đốc Ngân hàng Nhà nước sửa đổi, bổ sung một số điều của các Thông tư quy định về ngân hàng hợ..."
168859,29/2024/TT-NHNN,01/2023/TT-NHNN,"Sửa đổi, bổ sung","d) Thông tư số 01/2023/TT-NHNN ngày 01/3/2023 của Thống đốc Ngân hàng Nhà nước sửa đổi, bổ sung một số điều của Thông tư số 04/2015/TT-NHNN ngày 31/3/..."
168859,29/2024/TT-NHNN,24/2023/TT,"Sửa đổi, bổ sung","đ) Điều 2 Thông tư số 24/2023/TT- NHNN ngày 29/12/2023 của Thống đốc Ngân hàng Nhà nước sửa đổi, bổ sung một số điều của các Thông tư liên quan đến việc..."
150974,08/2021/TT-BTC,8/2021/TT-BTC,Tham chiếu,"Độc lập - Tự do - Hạnh phúc Số: 8/2021/TT-BTC Hà Nội, ngày 25 tháng 01 năm 2021"
150974,08/2021/TT-BTC,88/2015/QH13,Căn cứ,‾‾‾‾‾‾‾‾‾‾‾‾‾‾‾‾‾‾‾‾‾‾‾‾‾‾‾‾ Căn cứ Luật kế toán số 88/2015/QH13 ngày 20 tháng 11 năm 2015;
150974,08/2021/TT-BTC,05/2019/NĐ-CP,Căn cứ,Căn cứ Luật kế toán số 88/2015/QH13 ngày 20 tháng 11 năm 2015; Căn cứ Nghị định 05/2019/NĐ-CP ngày 22 tháng 01 năm 2019 của Chính phủ về kiểm toán nội bộ;
150974,08/2021/TT-BTC,87/2017/NĐ-CP,Căn cứ,"Căn cứ Nghị định số 87/2017/NĐ-CP ngày 26 tháng 7 năm 2017 của Chính phủ quy định chức năng, nhiệm vụ, quyền hạn và cơ cấu tổ chức của Bộ Tài chính; Theo..."
150974,08/2021/TT-BTC,05/2019/NĐ-CP,Quy định tại,"...đối với các doanh nghiệp, cơ quan nhà nước, đơn vị sự nghiệp công lập quy định tại Điều 8, Điều 9, Điều 10 Nghị định số 05/2019/NĐ-CP ngày 22 tháng 01 năm 2019 của Chính phủ về kiểm toán nội bộ và các tổ chức cá nhân có liên quan trong hoạt động kiểm to..."
150974,08/2021/TT-BTC,8/2021/TT-BTC,Thông tư,CHUẨN MỰC KIỂM TOÁN NỘI BỘ VIỆT NAM (Ban hành kèm theo Thông tư số 8/2021/TT-BTC ngày 25 tháng 01 năm 2021 của Bộ trưởng Bộ Tài chính) Giới thiệu chuẩn mực
164719,22/2023/TT-NHNN,41/2016/TT-NHNN,"Sửa đổi, bổ sung","Sửa đổi, bổ sung một số điều của Thông tư số 41/2016/TT-NHNN"
164719,22/2023/TT-NHNN,102/2022/NĐ-CP,Căn cứ,Căn cứ Nghị định số 102/2022/NĐ-CP
164719,22/2023/TT-NHNN,41/2016/TT-NHNN,Tham chiếu,41/2016/TT-NHNN
173695,56/2024/TT-NHNN,102/2022/NĐ-CP,Căn cứ,Căn cứ Nghị định số 102/2022/NĐ-CP
173695,56/2024/TT-NHNN,162/NĐ-CP,Nghị định,Nghị định số 162/NĐ-CP ngày 20 tháng 12 năm 2024 của Chính phủ
186482,69/2025/TT-NHNN,46/2010/QH12,Căn cứ,đơn giản hóa thủ tục hành chính Căn cứ Luật Ngân hàng Nhà nước Việt Nam số 46/2010/QH12;
186482,69/2025/TT-NHNN,32/2024/QH15,Căn cứ,"Căn cứ Luật Ngân hàng Nhà nước Việt Nam số 46/2010/QH12; Căn cứ Luật Các tổ chức tín dụng số 32/2024/QH15 được sửa đổi, bổ sung bởi Luật số 96/2025/QH15;"
186482,69/2025/TT-NHNN,96/2025/QH15,Căn cứ,"...g Nhà nước Việt Nam số 46/2010/QH12; Căn cứ Luật Các tổ chức tín dụng số 32/2024/QH15 được sửa đổi, bổ sung bởi Luật số 96/2025/QH15;"
186482,69/2025/TT-NHNN,26/2025/NĐ-CP,Căn cứ,"Căn cứ Nghị định số 26/2025/NĐ-CP của Chính phủ quy định chức năng, nhiệm vụ, quyền hạn và cơ cấu tổ chức của Ngân hàng Nhà nước Việt Nam; Theo đề nghị c..."
186482,69/2025/TT-NHNN,19/2013/TT,"Sửa đổi, bổ sung","Chương I SỬA ĐỔI, BỔ SUNG MỘT SỐ ĐIỀU CỦA THÔNG TƯ SỐ 19/2013/TT- NHNN CỦA THỐNG ĐỐC NGÂN HÀNG NHÀ NƯỚC VIỆT NAM  QUY"
186482,69/2025/TT-NHNN,43/2015/TT,"Sửa đổi, bổ sung","Chương II SỬA ĐỔI, BỔ SUNG MỘT SỐ ĐIỀU CỦA THÔNG TƯ SỐ 43/2015/TT- NHNN CỦA THỐNG ĐỐC NGÂN HÀNG NHÀ NƯỚC VIỆT NAM QUY"
186482,69/2025/TT-NHNN,53/2018/TT,"Sửa đổi, bổ sung","Chương III SỬA ĐỔI, BỔ SUNG MỘT SỐ ĐIỀU CỦA THÔNG TƯ SỐ 53/2018/TT- NHNN CỦA THỐNG ĐỐC NGÂN HÀNG NHÀ NƯỚC VIỆT NAM QUY"
186482,69/2025/TT-NHNN,53/2018/TT-NHNN,Bãi bỏ,Điều 24. Bãi bỏ Điều 24 Điều 25. Thay thế Phụ lục ban hành kèm theo Thông tư 53/2018/TT-NHNN
186482,69/2025/TT-NHNN,53/2018/TT-NHNN,Thay thế,Điều 25. Thay thế Phụ lục ban hành kèm theo Thông tư 53/2018/TT-NHNN Thay thế Phụ lục ban hành kèm theo Thông tư 53/2018/TT-NHNN bằng Phụ lục ban hành kèm theo Thông tư này. Chương IV
186482,69/2025/TT-NHNN,62/2024/TT-NHNN,"Sửa đổi, bổ sung","SỬA ĐỔI, BỔ SUNG MỘT SỐ ĐIỀU CỦA THÔNG TƯ SỐ 62/2024/TT-NHNN CỦA THỐNG ĐỐC NGÂN HÀNG NHÀ NƯỚC VIỆT NAM QUY ĐỊNH VỀ ĐIỀU KIỆN, HỒ SƠ, THỦ TỤC CHẤP THUẬN VIỆC TỔ"
186482,69/2025/TT-NHNN,14/2015/TT-NHNN,"Sửa đổi, bổ sung","a) Khoản 8, khoản 14 Điều 1 Thông tư 14/2015/TT-NHNN sửa đổi bổ sung một số điều của Thông tư số 19/2013/TT-NHNN của Thống đốc Ngân hàng Nhà nước Việt Nam quy định về việc ..."
186482,69/2025/TT-NHNN,19/2013/TT-NHNN,"Sửa đổi, bổ sung","a) Khoản 8, khoản 14 Điều 1 Thông tư 14/2015/TT-NHNN sửa đổi bổ sung một số điều của Thông tư số 19/2013/TT-NHNN của Thống đốc Ngân hàng Nhà nước Việt Nam quy định về việc mua, bán và xử lý nợ xấu của Công ty Quản lý tài sản của các..."
186482,69/2025/TT-NHNN,03/2024/TT-NHNN,"Sửa đổi, bổ sung","...3, 4 Điều 10” tại khoản 1 Điều 2; cụm từ ""khoản 2 Điều 12"", cụm từ ""các khoản 5, 6 Điều 13"" tại khoản 2 Điều 2 Thông tư 03/2024/TT-NHNN của Thống đốc Ngân hàng Nhà nước Việt Nam sửa đổi, bổ sung một số Điều của Thông tư số 19/2013/TT-NHNN của Thống đốc Ng..."
186482,69/2025/TT-NHNN,27/2022/TT-NHNN,"Sửa đổi, bổ sung","c) Cụm từ “điểm b khoản 3 Điều 10” tại điểm c khoản 5 Điều 1 Thông tư số 27/2022/TT-NHNN của Thống đốc Ngân hàng Nhà nước Việt Nam sửa đổi, bổ sung một số điều của các Thông tư quy định về phân cấp giải quyết..."
186482,69/2025/TT-NHNN,30/2024/TT-NHNN,"Sửa đổi, bổ sung","d) Khoản 7, khoản 9, khoản 14, điểm c khoản 15 Điều 1 Thông tư 30/2024/TT-NHNN của Thống đốc Ngân hàng Nhà nước Việt Nam sửa đổi, bổ sung một số điều của các Thông tư quy định về hồ sơ, thủ tục chấp..."
112924,105/2016/TT-BTC,28/2005/PL-UBTVQH,Căn cứ,Căn cứ Pháp lệnh Ngoại hối số 28/2005/PL-UBTVQH ngày 13 tháng 12 năm 2005;
112924,105/2016/TT-BTC,06/2013/PL-UBTVQH13,Căn cứ,"Căn cứ Pháp lệnh Ngoại hối số 28/2005/PL-UBTVQH ngày 13 tháng 12 năm 2005; Căn cứ Pháp lệnh số 06/2013/PL-UBTVQH13 ngày 18 tháng 03 năm 2013 sửa đổi, bổ sung một số điều của Pháp lệnh Ngoại hối; Căn cứ Nghị định số"
112924,105/2016/TT-BTC,215/2013/NĐ-CP,Căn cứ,Căn cứ Nghị định số 215/2013/NĐ-CP
112924,105/2016/TT-BTC,135/2015/NĐ-CP,Căn cứ,Căn cứ Nghị định số 135/2015/NĐ-CP
112924,105/2016/TT-BTC,135/2015/NĐ-CP,Nghị định,Ngoài các từ ngữ đã được giải thích trong Nghị định số 135/2015/NĐ-CP
112924,105/2016/TT-BTC,135/2015/NĐ-CP,Thông tư,"135/2015/NĐ-CP ), trong Thông tư này, các từ ngữ dưới đây được hiểu như sau:"
112924,105/2016/TT-BTC,135/2015/NĐ-CP,Quy định tại,a) Không còn đáp ứng quy định tại điểm d khoản 2 Điều 14 Nghị định số 135/2015/NĐ-CP
112924,105/2016/TT-BTC,135/2015/NĐ-CP,Tham chiếu,135/2015/NĐ-CP
174218,62/2024/TT-NHNN,102/2022/NĐ-CP,Căn cứ,Căn cứ Nghị định số 102/2022/NĐ-CP
174218,62/2024/TT-NHNN,36/2015/TT-NHNN,Thông tư,"2. Kể từ ngày Thông tư này có hiệu lực thi hành, Thông tư số 36/2015/TT-NHNN"
186888,62/2025/TT-NHNN,46/2010/QH12,Căn cứ,tổ chức tài chính vi mô Căn cứ Luật Ngân hàng Nhà nước Việt Nam số 46/2010/QH12;
186888,62/2025/TT-NHNN,32/2024/QH15,Căn cứ,"Căn cứ Luật Ngân hàng Nhà nước Việt Nam số 46/2010/QH12; Căn cứ Luật Các tổ chức tín dụng số 32/2024/QH15 được sửa đổi, bổ sung bởi Luật số 96/2025/QH15;"
186888,62/2025/TT-NHNN,96/2025/QH15,Căn cứ,"...g Nhà nước Việt Nam số 46/2010/QH12; Căn cứ Luật Các tổ chức tín dụng số 32/2024/QH15 được sửa đổi, bổ sung bởi Luật số 96/2025/QH15;"
186888,62/2025/TT-NHNN,26/2025/NĐ-CP,Căn cứ,"Căn cứ Nghị định số 26/2025/NĐ-CP của Chính phủ quy định chức năng, nhiệm vụ, quyền hạn và cơ cấu tổ chức của Ngân hàng Nhà nước Việt Nam; Theo đề nghị c..."
186888,62/2025/TT-NHNN,44/2011/TT-NHNN,Bãi bỏ,1. Thông tư này có hiệu lực từ ngày 01 tháng 01 năm 2027. 2. Thông tư này bãi bỏ Thông tư số 44/2011/TT-NHNN ngày 29 tháng 12 năm 2011 của Thống đốc Ngân hàng Nhà nước Việt Nam quy định về hệ thống kiểm soát nội bộ và kiểm toán ...
6e689cd0-6f81-11f1-94d6-fd5d6d5ff793,52/VBHN-NHNN,56/2024/TT-NHNN,"Sửa đổi, bổ sung","Thông tư số 56/2024/TT-NHNN ngày 24 tháng 12 năm 2024 của Thống đốc Ngân hàng Nhà nước Việt Nam quy định hồ sơ, thủ tục cấp Giấy phép lần đầu của n..."
6e689cd0-6f81-11f1-94d6-fd5d6d5ff793,52/VBHN-NHNN,12/2025/TT-NHNN,"Sửa đổi, bổ sung","1. Thông tư số 12/2025/TT-NHNN ngày 30 tháng 6 năm 2025 của Thống đốc Ngân hàng Nhà nước Việt Nam sửa đổi, bổ sung một số điều của các Thông tư quy đị..."
6e689cd0-6f81-11f1-94d6-fd5d6d5ff793,52/VBHN-NHNN,11/2026/TT-NHNN,Căn cứ,2. Thông tư số 11/2026/TT-NHNN ngày 19 tháng 5 năm 2026 của Thống đốc Ngân hàng Nhà nước Việt Nam phân cấp thực hiện thủ tục hành chính trong lĩnh vực...
6e689cd0-6f81-11f1-94d6-fd5d6d5ff793,52/VBHN-NHNN,102/2022/NĐ-CP,Căn cứ,"Căn cứ Luật Các tổ chức tín dụng ngày 18 tháng 01 năm 2024; Căn cứ Nghị định số 102/2022/NĐ-CP ngày 12 tháng 12 năm 2022 của Chính phủ quy định chức năng, nhiệm vụ, quyền hạn và cơ cấu tổ chức của Ngân hàng Nhà nướ..."
6e689cd0-6f81-11f1-94d6-fd5d6d5ff793,52/VBHN-NHNN,162/NĐ-CP,Căn cứ,"Căn cứ Nghị định số 162/NĐ-CP ngày 20 tháng 12 năm 2024 của Chính phủ quy định điều kiện cấp Giấy phép đối với quỹ tín dụng nhân dân, tổ chức tài chí..."
6e689cd0-6f81-11f1-94d6-fd5d6d5ff793,52/VBHN-NHNN,56/2024/TT-NHNN,Thông tư,"NGÂN HÀNG THƯƠNG MẠI (Ban hành kèm theo Thông tư số 56/2024/TT-NHNN ngày 24 tháng 12 năm 2024 của Thống đốc Ngân hàng Nhà nước Việt Nam quy định hồ sơ, thủ tục cấp Giấy phép lần đầu"
6e689cd0-6f81-11f1-94d6-fd5d6d5ff793,52/VBHN-NHNN,2024/TT-NHNN,Căn cứ,"Căn cứ Thông tư số .../2024/TT-NHNN ngày .. tháng ... năm 2024 của Thống đốc Ngân hàng Nhà nước Việt Nam quy định hồ sơ, thủ tục cấp Giấy phép lần đầu của ..."
6e689cd0-6f81-11f1-94d6-fd5d6d5ff793,52/VBHN-NHNN,162/2024/NĐ-CP,Căn cứ,"Kính gửi: Thống đốc Ngân hàng Nhà nước Việt Nam Căn cứ Nghị định số 162/2024/NĐ-CP ngày 20 tháng 12 năm 2024 của Chính phủ quy định điều kiện cấp Giấy phép đối với quỹ tín dụng nhân dân, tổ chức tài chí..."
185630,63/2025/TT-NHNN,46/2010/QH12,Căn cứ,về quỹ tín dụng nhân dân Căn cứ Luật Ngân hàng Nhà nước Việt Nam số 46/2010/QH12;
185630,63/2025/TT-NHNN,32/2024/QH15,Căn cứ,"Căn cứ Luật Ngân hàng Nhà nước Việt Nam số 46/2010/QH12; Căn cứ Luật Các tổ chức tín dụng số 32/2024/QH15 được sửa đổi, bổ sung bởi Luật số 96/2025/QH15; Căn cứ Luật Hợp tác xã số 17/2023/QH15;"
185630,63/2025/TT-NHNN,96/2025/QH15,Căn cứ,"...g Nhà nước Việt Nam số 46/2010/QH12; Căn cứ Luật Các tổ chức tín dụng số 32/2024/QH15 được sửa đổi, bổ sung bởi Luật số 96/2025/QH15; Căn cứ Luật Hợp tác xã số 17/2023/QH15;"
185630,63/2025/TT-NHNN,17/2023/QH15,Căn cứ,Căn cứ Luật Hợp tác xã số 17/2023/QH15;
185630,63/2025/TT-NHNN,26/2025/NĐ-CP,Căn cứ,"Căn cứ Luật Hợp tác xã số 17/2023/QH15; Căn cứ Nghị định số 26/2025/NĐ-CP của Chính phủ quy định chức năng, nhiệm vụ, quyền hạn và cơ cấu tổ chức của Ngân hàng Nhà nước Việt Nam; Theo đề nghị c..."
185630,63/2025/TT-NHNN,29/2024/TT-NHNN,"Sửa đổi, bổ sung","Chương I SỬA ĐỔI, BỔ SUNG MỘT SỐ ĐIỀU CỦA THÔNG TƯ SỐ 29/2024/TT-NHNN QUY ĐỊNH VỀ QUỸ TÍN DỤNG NHÂN DÂN Điều 1. Sửa đổi, bổ sung điểm d khoản 2 Điều 25"
185630,63/2025/TT-NHNN,01/2025/TT-NHNN,"Sửa đổi, bổ sung","Chương II SỬA ĐỔI, BỔ SUNG MỘT SỐ ĐIỀU CỦA THÔNG TƯ SỐ 01/2025/TT-NHNN QUY ĐỊNH VỀ CẤP GIẤY PHÉP LẦN ĐẦU, CẤP ĐỔI GIẤY PHÉP CỦA QUỸ TÍN DỤNG NHÂN DÂN"
185630,63/2025/TT-NHNN,10/2025/TT-NHNN,"Sửa đổi, bổ sung","Chương III SỬA ĐỔI, BỔ SUNG MỘT SỐ ĐIỀU CỦA THÔNG TƯ SỐ 10/2025/TT-NHNN QUY ĐỊNH VỀ TỔ CHỨC LẠI, THU HỒI GIẤY PHÉP VÀ THANH LÝ"
185630,63/2025/TT-NHNN,08/2025/TT-NHNN,"Sửa đổi, bổ sung","...ày có hiệu lực thi hành kể từ ngày 16 tháng 02 năm 2026. 2. Thông tư này bãi bỏ quy định tại khoản 1 Điều 2 Thông tư số 08/2025/TT-NHNN ngày 06 tháng 6 năm 2025 của Thống đốc Ngân hàng Nhà nước Việt Nam sửa đổi, bổ sung một số điều của Thông tư số 43/2015..."
185630,63/2025/TT-NHNN,43/2015/TT-NHNN,"Sửa đổi, bổ sung","...TT-NHNN ngày 06 tháng 6 năm 2025 của Thống đốc Ngân hàng Nhà nước Việt Nam sửa đổi, bổ sung một số điều của Thông tư số 43/2015/TT-NHNN ngày 31 tháng 12 năm 2015 của Thống đốc Ngân hàng Nhà nước Việt Nam quy định về tổ chức và hoạt động của phòng giao dịc..."
185630,63/2025/TT-NHNN,32/2024/TT-NHNN,"Sửa đổi, bổ sung",...HNN ngày 28 tháng 6 năm 2024 của Thống đốc Ngân hàng Nhà nước Việt Nam quy định về quỹ tín dụng nhân dân và Thông tư số 32/2024/TT-NHNN ngày 30 tháng 6 năm 2024 của Thống đốc Ngân hàng Nhà nước Việt Nam quy định về mạng lưới hoạt động của ngân hàng thương...
117310,41/2016/TT-NHNN,46/2010/QH12,Căn cứ,Căn cứ Luật Ngân hàng Nhà nước Việt Nam số 46/2010/QH12 ngày 16 tháng 6 năm 2010;
117310,41/2016/TT-NHNN,47/2010/QH12,Căn cứ,Căn cứ Luật các tổ chức tín dụng số 47/2010/QH12 ngày 16 tháng 6 năm 2010;
117310,41/2016/TT-NHNN,156/2013/NĐ-CP,Căn cứ,Căn cứ Nghị định số 156/2013/NĐ-CP
166269,17/2023/QH15,23/2012/QH13,Luật,3. Luật Hợp tác xã số 23/2012/QH13
166269,17/2023/QH15,23/2012/QH13,Tham chiếu,23/2012/QH13
44209,01/2014/TT-NHNN,46/2010/QH12,Căn cứ,Căn cứ Luật Ngân hàng Nhà nước Việt Nam số 46/2010/QH12 ngày 16 tháng 6 năm 2010; Căn cứ
44209,01/2014/TT-NHNN,47/2010/QH12,Căn cứ,Căn cứ Luật Các tổ chức tín dụng số 47/2010/QH12 ngày 16 tháng 6 năm 2010; Căn cứ Nghị định số
44209,01/2014/TT-NHNN,156/2013/NĐ-CP,Căn cứ,"Căn cứ Nghị định số 156/2013/NĐ-CP ngày 11 tháng 11 năm 2013 của Chính phủ quy định chức năng, nhiệm vụ, quyền hạn và cơ cấu tổ chức của Ngân hàng Nhà nướ..."
44209,01/2014/TT-NHNN,40/2012/NĐ-CP,Căn cứ,"Căn cứ Nghị định số 40/2012/NĐ-CP ngày 02 tháng 5 năm 2012 của Chính phủ về nghiệp vụ phát hành tiền; bảo quản, vận chuyển tài sản quý và giấy tờ có giá ..."
44209,01/2014/TT-NHNN,60/2006/QĐ-NHNN,Thông tư,"2. Kể từ ngày Thông tư này có hiệu lực, các văn bản sau hết hiệu lực thi hành: a) Quyết định số 60/2006/QĐ-NHNN ngày 27/12/2006 của Thống đốc Ngân hàng Nhà nước ban hành Chế độ giao nhận, bảo quản, vận chuyển tiền mặt, tài sản quý,..."
44209,01/2014/TT-NHNN,27/2007/QĐ-NHNN,"Sửa đổi, bổ sung","b) Quyết định số 27/2007/QĐ-NHNN ngày 21/6/2007 sửa đổi, bổ sung một số Điều của Chế độ giao nhận, bảo quản, vận chuyển tiền mặt, tài sản quý, giấy tờ c..."
44209,01/2014/TT-NHNN,60/2006/QĐ-NHNN,"Sửa đổi, bổ sung","...ột số Điều của Chế độ giao nhận, bảo quản, vận chuyển tiền mặt, tài sản quý, giấy tờ có giá ban hành theo Quyết định số 60/2006/QĐ-NHNN;"
44209,01/2014/TT-NHNN,21/2011/TT-NHNN,"Sửa đổi, bổ sung","c) Thông tư số 21/2011/TT-NHNN ngày 30/8/2011 sửa đổi, bổ sung Khoản 5 Điều 3 Chế độ giao nhận, bảo quản, vận chuyển tiền mặt, tài sản quý, giấy tờ có..."
25692,46/2010/QH12,51/2001/QH10,Căn cứ,"...n cứ Hiến pháp nước Cộng hoà xã hội chủ nghĩa Việt Nam năm 1992 đã được sửa đổi, bổ sung một số điều theo Nghị quyết số 51/2001/QH10; Quốc hội ban hành Luật Ngân hàng Nhà nước Việt Nam."
25692,46/2010/QH12,01/1997/QH10,"Sửa đổi, bổ sung","1. Luật này có hiệu lực thi hành từ ngày 01 tháng 01 năm 2011. 2. Luật Ngân hàng Nhà nước Việt Nam số 01/1997/QH10 và Luật sửa đổi, bổ sung một số điều của Luật Ngân hàng Nhà nước Việt Nam số 10/2003/QH11 hết hiệu lực kể từ ngày Luật ..."
25692,46/2010/QH12,10/2003/QH11,"Sửa đổi, bổ sung","...gân hàng Nhà nước Việt Nam số 01/1997/QH10 và Luật sửa đổi, bổ sung một số điều của Luật Ngân hàng Nhà nước Việt Nam số 10/2003/QH11 hết hiệu lực kể từ ngày Luật này có hiệu lực. Điều 66. Quy định chi tiết và hướng dẫn thi hành"
