source,target,relationship_type,method,confidence,evidence
166170,47/2010/QH12,SUA_DOI_BO_SUNG,rule_extraction,1.0,"3. Luật Các tổ chức tín dụng số 47/2010/QH12 đã được sửa đổi, bổ sung một số điều theo Luật số 17/2017/QH14 hết hiệu lực kể từ ngày Luật này có hiệu lực thi hành, t..."
166170,17/2017/QH14,SUA_DOI_BO_SUNG,rule_extraction,1.0,"3. Luật Các tổ chức tín dụng số 47/2010/QH12 đã được sửa đổi, bổ sung một số điều theo Luật số 17/2017/QH14 hết hiệu lực kể từ ngày Luật này có hiệu lực thi hành, trừ quy định tại các khoản 1, 2, 3, 4, 8, 9, 12 và 14 Điều 210 c..."
166170,42/2017/QH14,THAM_CHIEU,rule_extraction,0.95,6. Tài sản bảo đảm của khoản nợ xấu là dự án bất động sản đã được thu giữ theo quy định tại Điều 7 của Nghị quyết số 42/2017/QH14 về thí điểm xử lý nợ xấu của các tổ chức tín dụng (sau đây gọi là Nghị quyết số 42/2017/QH14) hoặc đang thực hiện thủ t...
166170,29/2023/QH15,THAM_CHIEU,rule_extraction,0.95,"...nhượng phải đáp ứng điều kiện quy định tại các điểm a, d, đ, g và h khoản 1 Điều 40 của Luật Kinh doanh bất động sản số 29/2023/QH15 và phải có quyết định giao đất, cho thuê đất của cơ quan nhà nước có thẩm quyền;"
112025,67/2014/NĐ-CP,THAM_CHIEU,rule_extraction,0.95,67/2014/NĐ-CP 1. Đại lý bảo hiểm bán bảo hiểm liên kết đơn vị phải đáp ứng các điều kiện sau:
112025,45/2007/NĐ-CP,THAM_CHIEU,gemini_classification,0.9,2. Nghị định số 45/2007/NĐ-CP
112025,123/2011/NĐ-CP,THAM_CHIEU,rule_extraction,0.95,123/2011/NĐ-CP
112025,68/2014/NĐ-CP,THAM_CHIEU,rule_extraction,0.95,68/2014/NĐ-CP
112025,46/2007/NĐ-CP,THAM_CHIEU,rule_extraction,0.95,46/2007/NĐ-CP
38128,25692,THAM_CHIEU,rule_extraction,0.95,Căn cứ Luật Ngân hàng Nhà nước Việt Nam số 46/2010/QH12 ;
38128,156/2013/NĐ-CP,THAM_CHIEU,rule_extraction,0.95,Căn cứ Nghị định số 156/2013/NĐ-CP
38128,40/2012/NĐ-CP,THAM_CHIEU,rule_extraction,0.95,Căn cứ Nghị định số 40/2012/NĐ-CP
23/2009/TT-NHNN,38128,THAY_THE_BOI,rule_extraction,1.0,"Điều 21. Điều khoản thi hành Thông tư này có hiệu lực thi hành từ ngày 12 tháng 01 năm 2015 và thay thế Thông tư số 23/2009/TT-NHNN ngày 02/12/2009 quy định việc thiết kế mẫu, chế bản và quản lý in, đúc tiền Việt Nam. Điều 22. Trách nhiệm tổ chức thực..."
26750,51/2001/QH10,THAM_CHIEU,rule_extraction,0.95,"...n cứ Hiến pháp nước Cộng hòa xã hội chủ nghĩa Việt Nam năm 1992 đã được sửa đổi, bổ sung một số điều theo Nghị quyết số 51/2001/QH10; Quốc hội ban hành Luật Kiểm toán độc lập,"
163441,47/2020/NĐ-CP,THAM_CHIEU,rule_extraction,0.95,"...iểm với các cơ sở dữ liệu quốc gia và các cơ sở dữ liệu chuyên ngành khác được thực hiện theo quy định tại Nghị định số 47/2020/NĐ-CP ngày 09 tháng 4 năm 2020 của Chính phủ về quản lý, kết nối và chia sẻ dữ liệu số trong cơ quan nhà nước và pháp luật ch..."
163441,112025,THAM_CHIEU,rule_extraction,0.95,"...c ngày 01 tháng 01 năm 2028, vốn điều lệ, vốn chủ sở hữu không thấp hơn vốn pháp định quy định tại Điều 10 Nghị định số 73/2016/NĐ-CP; từ ngày 01 tháng 01 năm 2028, vốn điều lệ, vốn chủ sở hữu không thấp hơn vốn điều lệ tối thiểu theo quy định tại Điều ..."
163441,08/2022/QH15,THAM_CHIEU,rule_extraction,0.95,...ên kết đơn vị phải đảm bảo tuân thủ quy định chung về nguyên tắc đầu tư tại khoản 2 Điều 99 Luật Kinh doanh bảo hiểm số 08/2022/QH15. 2. Hạn mức đầu tư của từng quỹ liên kết đơn vị:
163441,112025,SUA_DOI_BO_SUNG,rule_extraction,1.0,"4. Nghị định này thay thế các văn bản sau: a) Nghị định số 73/2016/NĐ-CP ngày 01 tháng 7 năm 2016 của Chính phủ quy định chi tiết thi hành Luật Kinh doanh bảo hiểm và Luật sửa đổi, bổ sung một..."
163441,151/2018/NĐ-CP,SUA_DOI_BO_SUNG,rule_extraction,1.0,"b) Chương III Nghị định số 151/2018/NĐ-CP ngày 07 tháng 11 năm 2018 của Chính phủ sửa đổi, bổ sung một số Nghị định quy định về điều kiện đầu tư, kinh doanh thuộ..."
163441,80/2019/NĐ-CP,SUA_DOI_BO_SUNG,rule_extraction,1.0,"c) Điều 1 Nghị định số 80/2019/NĐ-CP ngày 01 tháng 11 năm 2019 của Chính phủ sửa đổi, bổ sung một số điều của Nghị định số 73/2016/NĐ-CP ngày 01 tháng 7 năm..."
163441,98/2013/NĐ-CP,SUA_DOI_BO_SUNG,rule_extraction,1.0,"... tiết thi hành Luật Kinh doanh bảo hiểm và Luật sửa đổi, bổ sung một số điều của Luật Kinh doanh bảo hiểm, Nghị định số 98/2013/NĐ-CP ngày 28 tháng 8 năm 2013 của Chính phủ quy định về xử phạt vi phạm hành chính trong lĩnh vực kinh doanh bảo hiểm, kinh ..."
163441,48/2018/NĐ-CP,SUA_DOI_BO_SUNG,rule_extraction,1.0,"... hành chính trong lĩnh vực kinh doanh bảo hiểm, kinh doanh xổ số đã được sửa đổi, bổ sung một số điều theo Nghị định số 48/2018/NĐ-CP ngày 21 tháng 3 năm 2018 của Chính phủ. Điều 123. Trách nhiệm thi hành"
163441,14/2023/NĐ-CP,THAM_CHIEU,rule_extraction,0.95,"Căn cứ Luật Kinh doanh bảo hiểm số 08/2022/QH15 ngày 16/6/2022; Căn cứ Nghị định số 14/2023/NĐ-CP ngày 20/4/2023 của Chính phủ quy định chức năng, nhiệm vụ, quyền hạn và cơ cấu tổ chức của Bộ Tài chính;"
163441,16/2022/QH15,THAM_CHIEU,rule_extraction,0.95,BỘ TRƯỞNG BỘ TÀI CHÍNH Căn cứ Luật Kinh doanh bảo hiểm số 16/2022/QH15 ngày 16/6/2022;
146468,108/2013/NĐ-CP,SUA_DOI_BO_SUNG,rule_extraction,1.0,1. Nghị định này có hiệu lực thi hành từ ngày 01 tháng 01 năm 2021. 2. Nghị định số 108/2013/NĐ-CP ngày 23 tháng 9 năm 2013 của Chính phủ quy định xử phạt vi phạm hành chính trong lĩnh vực chứng khoán và thị trường chứ...
146468,145/2016/NĐ-CP,SUA_DOI_BO_SUNG,rule_extraction,1.0,"... của Chính phủ quy định xử phạt vi phạm hành chính trong lĩnh vực chứng khoán và thị trường chứng khoán và Nghị định số 145/2016/NĐ-CP ngày 01 tháng 11 năm 2016 của Chính phủ sửa đổi, bổ sung một số điều của Nghị định số 108/2013/NĐ-CP ngày 23 tháng 9 nă..."
168220,2024/TT-NHNN,THAM_CHIEU,rule_extraction,0.95,"---------------------------- Số: 27 /2024/TT-NHNN Hà Nội, ngày 28 tháng 6 năm 2024"
168220,102/2022/NĐ-CP,THAM_CHIEU,rule_extraction,0.95,"Căn cứ Luật Hợp tác xã ngày 20 tháng 6 năm 2023; Căn cứ Nghị định số 102/2022/NĐ-CP ngày 12 tháng 12 năm 2022 của Chính phủ quy định chức năng, nhiệm vụ, quyền hạn và cơ cấu tổ chức của Ngân hàng Nhà nướ..."
31/2012/TT-NHNN,168220,THAY_THE_BOI,rule_extraction,1.0,2. Thông tư này bãi bỏ: a) Thông tư số 31/2012/TT-NHNN ngày 26 tháng 11 năm 2012 của Thống đốc Ngân hàng Nhà nước quy định về ngân hàng hợp tác xã;
168220,09/2016/TT-NHNN,SUA_DOI_BO_SUNG,rule_extraction,1.0,"b) Thông tư số 09/2016/TT-NHNN ngày 17 tháng 6 năm 2016 sửa đổi, bổ sung một số điều của Thông tư số 31/2012/TT-NHNN ngày 26/11/2012 của Thống đốc Ngâ..."
168220,31/2012/TT-NHNN,SUA_DOI_BO_SUNG,rule_extraction,1.0,"b) Thông tư số 09/2016/TT-NHNN ngày 17 tháng 6 năm 2016 sửa đổi, bổ sung một số điều của Thông tư số 31/2012/TT-NHNN ngày 26/11/2012 của Thống đốc Ngân hàng Nhà nước quy định về ngân hàng hợp tác xã;"
168220,03/2014/TT-NHNN,THAM_CHIEU,gemini_classification,0.9,c) Thông tư số 03/2014/TT-NHNN ngày 23 tháng 01 năm 2014 của Thống đốc Ngân hàng Nhà nước quy định về Quỹ đảm bảo an toàn hệ thống quỹ tín dụng nhân d...
168220,21/2019/TT-NHNN,SUA_DOI_BO_SUNG,rule_extraction,1.0,"d) Điều 1 và Điều 5 Thông tư số 21/2019/TT-NHNN ngày 14 tháng 11 năm 2019 sửa đổi, bổ sung một số điều của các Thông tư quy định về ngân hàng hợp tác xã, quỹ tín dụng ..."
168220,24/2023/TT-NHNN,SUA_DOI_BO_SUNG,rule_extraction,1.0,"đ) Điều 1 Thông tư số 24/2023/TT-NHNN ngày 30 tháng 12 năm 2023 sửa đổi, bổ sung một số điều của các Thông tư liên quan đến việc nộp, xuất trình, cung cấp th..."
168220,21/2023/TT-NHNN,SUA_DOI_BO_SUNG,rule_extraction,1.0,"đ) Điều 2 Thông tư 21/2023/TT-NHNN sửa đổi, bổ sung một số điều của các Thông tư liên quan đến hoạt động kinh doanh thuộc phạm vi, chức năng quản lý của N..."
133858,68/2000/NĐ-CP,THAM_CHIEU,gemini_classification,0.9,"...oản đóng góp theo lương của số người lao động hiện có (bao gồm: số biên chế có mặt, lao động hợp đồng theo Nghị định số 68/2000/NĐ-CP ngày 17 tháng 11 năm 2000 của Chính phủ và lao động hợp đồng chuyên môn khác) trong một năm từ 20 tỷ đồng trở lên hoặc ..."
169221,44209,SUA_DOI_BO_SUNG,rule_extraction,1.0,"THÔNG TƯ Sửa đổi, bổ sung một số điều của Thông tư số 01/2014/TT-NHNN ngày 10 tháng 12 năm 2014 của Thống đốc Ngân hàng Nhà nước Việt Nam hướng dẫn"
169221,50/2014/NĐ-CP,THAM_CHIEU,rule_extraction,0.95,Căn cứ Nghị định số 50/2014/NĐ-CP ngày 20 tháng 5 năm 2014 của Chính phủ về quản lý dự trữ ngoại hối nhà nước;
169221,102/2022/NĐ-CP,THAM_CHIEU,rule_extraction,0.95,"Căn cứ Nghị định số 102/2022/NĐ-CP ngày 12 tháng 12 năm 2022 của Chính phủ quy định chức năng, nhiệm vụ, quyền hạn và cơ cấu tổ chức của Ngân hàng Nhà nướ..."
169221,12/2023/TT-NHNN,SUA_DOI_BO_SUNG,rule_extraction,1.0,"7. Sửa đổi, bổ sung khoản 1 và khoản 5 Điều 14 (đã được sửa đổi, bổ sung bởi khoản 11 Điều 1 Thông tư số 12/2023/TT-NHNN ngày 12/10/2023 của Thống đốc Ngân hàng Nhà nước Việt Nam sửa đổi, bổ sung một số điều của các văn bản quy phạm pháp lu..."
169221,12/2023/TT-NHNN,THAM_CHIEU,rule_extraction,0.95,...ông nhiệm vụ hạch toán giữa Cục Quản lý dự trữ ngoại hối nhà nước và Sở Giao dịch theo quy định tại Điều 13 Thông tư số 12/2023/TT-NHNN:
169221,01/2020/TT-NHNN,SUA_DOI_BO_SUNG,rule_extraction,1.0,"13. Sửa đổi, bổ sung điểm a và điểm c khoản 2 Điều 30 (đã được sửa đổi, bổ sung bởi khoản 13 Điều 1 Thông tư số 01/2020/TT-NHNN ngày 31/12/2020 của Thống đốc Ngân hàng Nhà nước Việt Nam sửa đổi, bổ sung một số điều của Thông tư 01/2014/TT-NHNN ngà..."
01/2020/TT-NHNN,169221,THAY_THE_BOI,rule_extraction,1.0,"...9/2024. 2. Thông tư này bãi bỏ khoản 3, khoản 4, khoản 5, khoản 9, khoản 16 Điều 1, khoản 3, khoản 4 Điều 2 Thông tư số 01/2020/TT-NHNN."
12/2023/TT-NHNN,169221,THAY_THE_BOI,rule_extraction,1.0,"... khoản 3, khoản 4, khoản 5, khoản 6, khoản 8, khoản 12 và khoản 16, điểm b khoản 20 Điều 1 và Phụ lục số 09 Thông tư số 12/2023/TT-NHNN. Nơi nhận:"
95652,2015/NĐ-CP,THAM_CHIEU,rule_extraction,0.95,"135 /2015/NĐ-CP Hà Nội, ngày 31 tháng 12 năm 2015"
f69936f0-6937-11f1-a48d-29bc6b0fd706,146468,SUA_DOI_BO_SUNG,rule_extraction,1.0,Nghị định số 156/2020/NĐ-CP ngày 31 tháng 12 năm 2020 của Chính phủ quy định xử phạt vi phạm hành chính trong lĩnh vực chứng khoán và thị trường ch...
f69936f0-6937-11f1-a48d-29bc6b0fd706,128/2021/NĐ-CP,SUA_DOI_BO_SUNG,rule_extraction,1.0,"Nghị định số 128/2021/NĐ-CP ngày 30 tháng 12 năm 2021 của Chính phủ sửa đổi, bổ sung một số điều của Nghị định số 156/2020/NĐ-CP ngày 31 tháng 12 n..."
f69936f0-6937-11f1-a48d-29bc6b0fd706,306/2025/NĐ-CP,SUA_DOI_BO_SUNG,rule_extraction,1.0,"Nghị định số 306/2025/NĐ-CP ngày 25 tháng 11 năm 2025 của Chính phủ sửa đổi, bổ sung một số điều của Nghị định số 156/2020/NĐ-CP ngày 31 tháng 12 n..."
f69936f0-6937-11f1-a48d-29bc6b0fd706,158/2020/NĐ-CP,SUA_DOI_BO_SUNG,rule_extraction,1.0,"... sửa đổi, bổ sung một số điều theo Nghị định số 128/2021/NĐ-CP ngày 30 tháng 12 năm 2021 của Chính phủ) và Nghị định số 158/2020/NĐ-CP ngày 31 tháng 12 năm 2020 của Chính phủ về chứng khoán phái sinh và thị trường chứng khoán phái sinh, có hiệu lực thi h..."
f69936f0-6937-11f1-a48d-29bc6b0fd706,155/2020/NĐ-CP,THAM_CHIEU,rule_extraction,0.95,...úng thực hiện thông báo thay đổi tỷ lệ sở hữu nước ngoài tối đa không đúng thời gian quy định tại Điều 141 Nghị định số 155/2020/NĐ-CP ngày 31 tháng 12 năm 2020 của Chính phủ quy định chi tiết thi hành một số điều của Luật Chứng khoán.
f69936f0-6937-11f1-a48d-29bc6b0fd706,108/2013/NĐ-CP,SUA_DOI_BO_SUNG,rule_extraction,1.0,1. Nghị định này có hiệu lực thi hành từ ngày 01 tháng 01 năm 2021. 2. Nghị định số 108/2013/NĐ-CP ngày 23 tháng 9 năm 2013 của Chính phủ quy định xử phạt vi phạm hành chính trong lĩnh vực chứng khoán và thị trường chứ...
f69936f0-6937-11f1-a48d-29bc6b0fd706,145/2016/NĐ-CP,SUA_DOI_BO_SUNG,rule_extraction,1.0,"... của Chính phủ quy định xử phạt vi phạm hành chính trong lĩnh vực chứng khoán và thị trường chứng khoán và Nghị định số 145/2016/NĐ-CP ngày 01 tháng 11 năm 2016 của Chính phủ sửa đổi, bổ sung một số điều của Nghị định số 108/2013/NĐ-CP ngày 23 tháng 9 nă..."
30402,26750,THAM_CHIEU,rule_extraction,0.95,Căn cứ Luật Kiểm toán độc lập số 67/2011/QH12 ngày 29 tháng 3 năm 2011;
30402,17/2012/NĐ-CP,THAM_CHIEU,rule_extraction,0.95,Căn cứ Nghị định số 17/2012/NĐ-CP
30402,118/2008/NĐ-CP,THAM_CHIEU,rule_extraction,0.95,Căn cứ Nghị định số 118/2008/NĐ-CP
30402,01/ĐKHN,THAM_CHIEU,rule_extraction,0.95,... ký hành nghề kiểm toán 1. Đơn đề nghị cấp Giấy chứng nhận đăng ký hành nghề kiểm toán theo mẫu quy định tại Phụ lục số 01/ĐKHN ban hành kèm theo Thông tư này. 2. Bản sao hợp đồng lao động làm toàn bộ thời gian tại doanh nghiệp kiểm toán.
30402,04/ĐKHN,THAM_CHIEU,rule_extraction,0.95,...i gian tại doanh nghiệp kiểm toán. 3. Giấy xác nhận về thời gian thực tế làm kiểm toán theo mẫu quy định tại Phụ lục số 04/ĐKHN ban hành kèm theo Thông tư này hoặc tài liệu chứng minh về thời gian thực tế làm kiểm toán hoặc Bản giải trình kèm theo...
30402,05/ĐKHN,THAM_CHIEU,rule_extraction,0.95,4. Bản thông tin cá nhân theo mẫu quy định tại Phụ lục số 05/ĐKHN ban hành kèm theo Thông tư này.
30402,06/ĐKHN,THAM_CHIEU,rule_extraction,0.95,...n đăng ký hành nghề kiểm toán cho các kiểm toán viên đăng ký hành nghề tại đơn vị mình theo mẫu quy định tại Phụ lục số 06/ĐKHN ban hành kèm theo Thông tư này kèm theo hồ sơ đăng ký hành nghề của từng kiểm toán viên. Hồ sơ gửi trực tiếp hoặc gửi q...
30402,07/ĐKHN,THAM_CHIEU,rule_extraction,0.95,3. Mẫu Giấy chứng nhận đăng ký hành nghề kiểm toán được quy định tại Phụ lục số 07/ĐKHN ban hành kèm theo Thông tư này. Điều 7. Cấp và sử dụng Giấy chứng nhận đăng ký hành nghề kiểm toán
30402,02/ĐKHN,THAM_CHIEU,rule_extraction,0.95,a) Đơn đề nghị cấp lại Giấy chứng nhận đăng ký hành nghề kiểm toán theo mẫu quy định tại Phụ lục số 02/ĐKHN ban hành kèm theo Thông tư này;
30402,03/ĐKHN,THAM_CHIEU,rule_extraction,0.95,a) Đơn đề nghị điều chỉnh Giấy chứng nhận đăng ký hành nghề kiểm toán theo mẫu quy định tại Phụ lục số 03/ĐKHN ban hành kèm theo Thông tư này;
30402,10/ĐKHN,THAM_CHIEU,rule_extraction,0.95,...ều kiện hành nghề kiểm toán hàng năm cho Bộ Tài chính thông qua doanh nghiệp kiểm toán theo mẫu quy định tại Phụ lục số 10/ĐKHN ban hành kèm theo Thông tư này.
30402,08/ĐKHN,THAM_CHIEU,rule_extraction,0.95,"...iá trị đối với các trường hợp quy định tại điểm d, đ, e, h khoản 1 Điều 8 Thông tư này theo mẫu quy định tại Phụ lục số 08/ĐKHN ban hành kèm theo Thông tư này."
30402,11/ĐKHN,THAM_CHIEU,rule_extraction,0.95,... hành nghề kiểm toán hàng năm của các kiểm toán viên đăng ký hành nghề tại đơn vị mình theo mẫu quy định tại Phụ lục số 11/ĐKHN ban hành kèm theo Thông tư này kèm theo Báo cáo duy trì điều kiện hành nghề kiểm toán hàng năm của từng kiểm toán viên ...
30402,09/ĐKHN,THAM_CHIEU,rule_extraction,0.95,...giữa trụ sở chính với các chi nhánh hoặc giữa các chi nhánh của doanh nghiệp kiểm toán theo mẫu quy định tại Phụ lục số 09/ĐKHN ban hành kèm theo Thông tư này.
30402,64/2004/TT-BTC,THAM_CHIEU,rule_extraction,0.95,...quy định về đăng ký hành nghề kiểm toán của kiểm toán viên và quản lý kiểm toán viên hành nghề quy định tại Thông tư số 64/2004/TT-BTC ngày 29/6/2004 hướng dẫn thi hành một số điều của Nghị định số 105/2004/NĐ-CP ngày 30/3/2004 của Chính phủ về kiểm toán...
30402,105/2004/NĐ-CP,THAM_CHIEU,rule_extraction,0.95,...n viên hành nghề quy định tại Thông tư số 64/2004/TT-BTC ngày 29/6/2004 hướng dẫn thi hành một số điều của Nghị định số 105/2004/NĐ-CP ngày 30/3/2004 của Chính phủ về kiểm toán độc lập hết hiệu lực kể từ ngày Thông tư này có hiệu lực thi hành. Điều 18. T...
173460,102/2022/NĐ-CP,THAM_CHIEU,rule_extraction,0.95,"Căn cứ Luật Các tổ chức tín dụng ngày 18 tháng 01 năm 2024; Căn cứ Nghị định số 102/2022/NĐ-CP ngày 12 tháng 12 năm 2022 của Chính phủ quy định chức năng, nhiệm vụ, quyền hạn và cơ cấu tổ chức của Ngân hàng Nhà nướ..."
173460,162/2024/NĐ-CP,THAM_CHIEU,rule_extraction,0.95,"Căn cứ Nghị định số 162/2024/NĐ-CP ngày 20 tháng 12 năm 2024 của Chính phủ quy định điều kiện cấp Giấy phép đối với quỹ tín dụng nhân dân, tổ chức tài chí..."
27257,25692,THAM_CHIEU,rule_extraction,0.95,"của tổ chức tín dụng, chi nhánh ngân hàng nước ngoài Căn cứ Luật Ngân hàng Nhà nước Việt Nam số 46/2010/QH12 ngày 16 tháng 6 năm 2010; Căn cứ Luật Các tổ chức tín dụng số 47/2010/QH12 ngày 16 tháng 6 năm 2010;"
27257,47/2010/QH12,THAM_CHIEU,rule_extraction,0.95,Căn cứ Luật Các tổ chức tín dụng số 47/2010/QH12 ngày 16 tháng 6 năm 2010;
27257,96/2008/NĐ-CP,THAM_CHIEU,rule_extraction,0.95,"Căn cứ Luật Các tổ chức tín dụng số 47/2010/QH12 ngày 16 tháng 6 năm 2010; Căn cứ Nghị định số 96/2008/NĐ-CP ngày 26/8/2008 của Chính phủ quy định chức năng, nhiệm vụ, quyền hạn và cơ cấu tổ chức của Ngân hàng Nhà nước Việt Nam;"
27257,36/2006/QĐ-NHNN,THAM_CHIEU,gemini_classification,0.9,"1. Thông tư này có hiệu lực thi hành kể từ ngày 12 tháng 02 năm 2012. 2. Quyết định số 36/2006/QĐ-NHNN ngày 01/8/2006 của Thống đốc Ngân hàng Nhà nước ban hành Quy chế kiểm tra, kiểm soát nội bộ của tổ chức tín dụng và Quy..."
27257,37/2006/QĐ-NHNN,THAM_CHIEU,gemini_classification,0.9,"...2006 của Thống đốc Ngân hàng Nhà nước ban hành Quy chế kiểm tra, kiểm soát nội bộ của tổ chức tín dụng và Quyết định số 37/2006/QĐ-NHNN ngày 01/8/2006 của Thống đốc Ngân hàng Nhà nước ban hành Quy chế kiểm toán nội bộ của tổ chức tín dụng hết hiệu lực kể ..."
143217,88/2015/QH,THAM_CHIEU,rule_extraction,0.95,Ban hành Quy chế mẫu về kiểm toán nội bộ áp dụng cho doanh nghiệp Căn cứ Luật kế toán số 88/2015/QH 13 ngày 20 tháng 11 năm 2015;
143217,133858,THAM_CHIEU,rule_extraction,0.95,Căn cứ Luật kế toán số 88/2015/QH 13 ngày 20 tháng 11 năm 2015; Căn cứ Nghị định số 05/2019/NĐ-CP ngày 22 thảng 01 năm 2019 của Chính phủ về kiếm toán nội bộ; Căn cứ Nghị định số
143217,87/2017/NĐ-CP,THAM_CHIEU,rule_extraction,0.95,Căn cứ Nghị định số 87/2017/NĐ-CP
168859,102/2022/NĐ-CP,THAM_CHIEU,rule_extraction,0.95,"Căn cứ Luật Hợp tác xã ngày 17 tháng 6 năm 2023; Căn cứ Nghị định số 102/2022/NĐ-CP ngày 12 tháng 12 năm 2022 của Chính phủ quy định chức năng, nhiệm vụ, quyền hạn và cơ cấu tổ chức của Ngân hàng Nhà nướ..."
168859,06/2007/TT-NHNN,SUA_DOI_BO_SUNG,rule_extraction,1.0,"...hân dân hoạt động theo ngành nghề, quỹ tín dụng nhân dân hoạt động theo từng doanh nghiệp được quy định tại Thông tư số 06/2007/TT-NHNN ngày 06 tháng 11 năm 2007 của Thống đốc Ngân hàng Nhà nước sửa đổi, bổ sung Thông tư số 08/2005/TT-NHNN ngày 30 tháng 1..."
168859,08/2005/TT-NHNN,SUA_DOI_BO_SUNG,rule_extraction,1.0,"...tại Thông tư số 06/2007/TT-NHNN ngày 06 tháng 11 năm 2007 của Thống đốc Ngân hàng Nhà nước sửa đổi, bổ sung Thông tư số 08/2005/TT-NHNN ngày 30 tháng 12 năm 2005 của Ngân hàng Nhà nước hướng dẫn thực hiện Nghị định số 48/2001/NĐ-CP ngày 13/8/2001 về tổ ch..."
168859,48/2001/NĐ-CP,SUA_DOI_BO_SUNG,rule_extraction,1.0,"..., bổ sung Thông tư số 08/2005/TT-NHNN ngày 30 tháng 12 năm 2005 của Ngân hàng Nhà nước hướng dẫn thực hiện Nghị định số 48/2001/NĐ-CP ngày 13/8/2001 về tổ chức và hoạt động của quỹ tín dụng nhân dân và Nghị định số 69/2005/NĐ-CP"
168859,69/2005/NĐ-CP,THAM_CHIEU,rule_extraction,0.95,69/2005/NĐ-CP
168859,48/2001/NĐ-CP,THAM_CHIEU,rule_extraction,0.95,48/2001/NĐ-CP
04/2015/TT-NHNN,168859,THAY_THE_BOI,rule_extraction,1.0,2. Thông tư này bãi bỏ: a) Thông tư 04/2015/TT-NHNN ngày 31/03/2015 của Thống đốc Ngân hàng Nhà nước quy định về quỹ tín dụng nhân dân;
168859,06/2017/TT-NHNN,SUA_DOI_BO_SUNG,rule_extraction,1.0,"b) Thông tư số 06/2017/TT-NHNN ngày 05/7/2017 của Thống đốc Ngân hàng sửa đổi, bổ sung một số điều của Thông tư số 03/2014/TT-NHNN ngày 23/01/2014 của..."
168859,03/2014/TT-NHNN,SUA_DOI_BO_SUNG,rule_extraction,1.0,"b) Thông tư số 06/2017/TT-NHNN ngày 05/7/2017 của Thống đốc Ngân hàng sửa đổi, bổ sung một số điều của Thông tư số 03/2014/TT-NHNN ngày 23/01/2014 của Thống đốc Ngân hàng Nhà nước quy định về quỹ bảo đảm an toàn hệ thống quỹ tín dụng nhân dân và Thôn..."
168859,04/2015/TT-NHNN,SUA_DOI_BO_SUNG,rule_extraction,1.0,.../01/2014 của Thống đốc Ngân hàng Nhà nước quy định về quỹ bảo đảm an toàn hệ thống quỹ tín dụng nhân dân và Thông tư số 04/2015/TT-NHNN ngày 31/03/2015 của Thống đốc Ngân hàng Nhà nước quy định về quỹ tín dụng nhân dân;
168859,21/2019/TT-NHNN,SUA_DOI_BO_SUNG,rule_extraction,1.0,"c) Điều 2, khoản 1 Điều 6 Thông tư 21/2019/TT-NHNN ngày 14/11/2019 của Thống đốc Ngân hàng Nhà nước sửa đổi, bổ sung một số điều của các Thông tư quy định về ngân hàng hợ..."
168859,01/2023/TT-NHNN,SUA_DOI_BO_SUNG,rule_extraction,1.0,"d) Thông tư số 01/2023/TT-NHNN ngày 01/3/2023 của Thống đốc Ngân hàng Nhà nước sửa đổi, bổ sung một số điều của Thông tư số 04/2015/TT-NHNN ngày 31/3/..."
168859,24/2023/TT,SUA_DOI_BO_SUNG,rule_extraction,1.0,"đ) Điều 2 Thông tư số 24/2023/TT- NHNN ngày 29/12/2023 của Thống đốc Ngân hàng Nhà nước sửa đổi, bổ sung một số điều của các Thông tư liên quan đến việc..."
150974,8/2021/TT-BTC,THAM_CHIEU,rule_extraction,0.95,"Độc lập - Tự do - Hạnh phúc Số: 8/2021/TT-BTC Hà Nội, ngày 25 tháng 01 năm 2021"
150974,88/2015/QH13,THAM_CHIEU,rule_extraction,0.95,‾‾‾‾‾‾‾‾‾‾‾‾‾‾‾‾‾‾‾‾‾‾‾‾‾‾‾‾ Căn cứ Luật kế toán số 88/2015/QH13 ngày 20 tháng 11 năm 2015;
150974,133858,THAM_CHIEU,rule_extraction,0.95,Căn cứ Luật kế toán số 88/2015/QH13 ngày 20 tháng 11 năm 2015; Căn cứ Nghị định 05/2019/NĐ-CP ngày 22 tháng 01 năm 2019 của Chính phủ về kiểm toán nội bộ;
150974,87/2017/NĐ-CP,THAM_CHIEU,rule_extraction,0.95,"Căn cứ Nghị định số 87/2017/NĐ-CP ngày 26 tháng 7 năm 2017 của Chính phủ quy định chức năng, nhiệm vụ, quyền hạn và cơ cấu tổ chức của Bộ Tài chính; Theo..."
164719,117310,SUA_DOI_BO_SUNG,rule_extraction,1.0,"Sửa đổi, bổ sung một số điều của Thông tư số 41/2016/TT-NHNN"
164719,102/2022/NĐ-CP,THAM_CHIEU,rule_extraction,0.95,Căn cứ Nghị định số 102/2022/NĐ-CP
164719,117310,THAM_CHIEU,rule_extraction,0.95,41/2016/TT-NHNN
173695,102/2022/NĐ-CP,THAM_CHIEU,rule_extraction,0.95,Căn cứ Nghị định số 102/2022/NĐ-CP
173695,162/NĐ-CP,THAM_CHIEU,gemini_classification,0.9,Nghị định số 162/NĐ-CP ngày 20 tháng 12 năm 2024 của Chính phủ
186482,25692,THAM_CHIEU,rule_extraction,0.95,đơn giản hóa thủ tục hành chính Căn cứ Luật Ngân hàng Nhà nước Việt Nam số 46/2010/QH12;
186482,166170,THAM_CHIEU,rule_extraction,0.95,"Căn cứ Luật Ngân hàng Nhà nước Việt Nam số 46/2010/QH12; Căn cứ Luật Các tổ chức tín dụng số 32/2024/QH15 được sửa đổi, bổ sung bởi Luật số 96/2025/QH15;"
186482,96/2025/QH15,THAM_CHIEU,rule_extraction,0.95,"...g Nhà nước Việt Nam số 46/2010/QH12; Căn cứ Luật Các tổ chức tín dụng số 32/2024/QH15 được sửa đổi, bổ sung bởi Luật số 96/2025/QH15;"
186482,26/2025/NĐ-CP,THAM_CHIEU,rule_extraction,0.95,"Căn cứ Nghị định số 26/2025/NĐ-CP của Chính phủ quy định chức năng, nhiệm vụ, quyền hạn và cơ cấu tổ chức của Ngân hàng Nhà nước Việt Nam; Theo đề nghị c..."
186482,19/2013/TT,SUA_DOI_BO_SUNG,rule_extraction,1.0,"Chương I SỬA ĐỔI, BỔ SUNG MỘT SỐ ĐIỀU CỦA THÔNG TƯ SỐ 19/2013/TT- NHNN CỦA THỐNG ĐỐC NGÂN HÀNG NHÀ NƯỚC VIỆT NAM  QUY"
186482,43/2015/TT,SUA_DOI_BO_SUNG,rule_extraction,1.0,"Chương II SỬA ĐỔI, BỔ SUNG MỘT SỐ ĐIỀU CỦA THÔNG TƯ SỐ 43/2015/TT- NHNN CỦA THỐNG ĐỐC NGÂN HÀNG NHÀ NƯỚC VIỆT NAM QUY"
186482,53/2018/TT,SUA_DOI_BO_SUNG,rule_extraction,1.0,"Chương III SỬA ĐỔI, BỔ SUNG MỘT SỐ ĐIỀU CỦA THÔNG TƯ SỐ 53/2018/TT- NHNN CỦA THỐNG ĐỐC NGÂN HÀNG NHÀ NƯỚC VIỆT NAM QUY"
53/2018/TT-NHNN,186482,THAY_THE_BOI,rule_extraction,1.0,Điều 24. Bãi bỏ Điều 24 Điều 25. Thay thế Phụ lục ban hành kèm theo Thông tư 53/2018/TT-NHNN
186482,174218,SUA_DOI_BO_SUNG,rule_extraction,1.0,"SỬA ĐỔI, BỔ SUNG MỘT SỐ ĐIỀU CỦA THÔNG TƯ SỐ 62/2024/TT-NHNN CỦA THỐNG ĐỐC NGÂN HÀNG NHÀ NƯỚC VIỆT NAM QUY ĐỊNH VỀ ĐIỀU KIỆN, HỒ SƠ, THỦ TỤC CHẤP THUẬN VIỆC TỔ"
186482,14/2015/TT-NHNN,SUA_DOI_BO_SUNG,rule_extraction,1.0,"a) Khoản 8, khoản 14 Điều 1 Thông tư 14/2015/TT-NHNN sửa đổi bổ sung một số điều của Thông tư số 19/2013/TT-NHNN của Thống đốc Ngân hàng Nhà nước Việt Nam quy định về việc ..."
186482,19/2013/TT-NHNN,SUA_DOI_BO_SUNG,rule_extraction,1.0,"a) Khoản 8, khoản 14 Điều 1 Thông tư 14/2015/TT-NHNN sửa đổi bổ sung một số điều của Thông tư số 19/2013/TT-NHNN của Thống đốc Ngân hàng Nhà nước Việt Nam quy định về việc mua, bán và xử lý nợ xấu của Công ty Quản lý tài sản của các..."
186482,03/2024/TT-NHNN,SUA_DOI_BO_SUNG,rule_extraction,1.0,"...3, 4 Điều 10” tại khoản 1 Điều 2; cụm từ ""khoản 2 Điều 12"", cụm từ ""các khoản 5, 6 Điều 13"" tại khoản 2 Điều 2 Thông tư 03/2024/TT-NHNN của Thống đốc Ngân hàng Nhà nước Việt Nam sửa đổi, bổ sung một số Điều của Thông tư số 19/2013/TT-NHNN của Thống đốc Ng..."
186482,27/2022/TT-NHNN,SUA_DOI_BO_SUNG,rule_extraction,1.0,"c) Cụm từ “điểm b khoản 3 Điều 10” tại điểm c khoản 5 Điều 1 Thông tư số 27/2022/TT-NHNN của Thống đốc Ngân hàng Nhà nước Việt Nam sửa đổi, bổ sung một số điều của các Thông tư quy định về phân cấp giải quyết..."
186482,30/2024/TT-NHNN,SUA_DOI_BO_SUNG,rule_extraction,1.0,"d) Khoản 7, khoản 9, khoản 14, điểm c khoản 15 Điều 1 Thông tư 30/2024/TT-NHNN của Thống đốc Ngân hàng Nhà nước Việt Nam sửa đổi, bổ sung một số điều của các Thông tư quy định về hồ sơ, thủ tục chấp..."
112924,28/2005/PL-UBTVQH,THAM_CHIEU,rule_extraction,0.95,Căn cứ Pháp lệnh Ngoại hối số 28/2005/PL-UBTVQH ngày 13 tháng 12 năm 2005;
112924,06/2013/PL-UBTVQH13,THAM_CHIEU,rule_extraction,0.95,"Căn cứ Pháp lệnh Ngoại hối số 28/2005/PL-UBTVQH ngày 13 tháng 12 năm 2005; Căn cứ Pháp lệnh số 06/2013/PL-UBTVQH13 ngày 18 tháng 03 năm 2013 sửa đổi, bổ sung một số điều của Pháp lệnh Ngoại hối; Căn cứ Nghị định số"
112924,215/2013/NĐ-CP,THAM_CHIEU,rule_extraction,0.95,Căn cứ Nghị định số 215/2013/NĐ-CP
112924,95652,THAM_CHIEU,rule_extraction,0.95,Căn cứ Nghị định số 135/2015/NĐ-CP
174218,102/2022/NĐ-CP,THAM_CHIEU,rule_extraction,0.95,Căn cứ Nghị định số 102/2022/NĐ-CP
174218,36/2015/TT-NHNN,THAM_CHIEU,gemini_classification,0.9,"2. Kể từ ngày Thông tư này có hiệu lực thi hành, Thông tư số 36/2015/TT-NHNN"
186888,25692,THAM_CHIEU,rule_extraction,0.95,tổ chức tài chính vi mô Căn cứ Luật Ngân hàng Nhà nước Việt Nam số 46/2010/QH12;
186888,166170,THAM_CHIEU,rule_extraction,0.95,"Căn cứ Luật Ngân hàng Nhà nước Việt Nam số 46/2010/QH12; Căn cứ Luật Các tổ chức tín dụng số 32/2024/QH15 được sửa đổi, bổ sung bởi Luật số 96/2025/QH15;"
186888,96/2025/QH15,THAM_CHIEU,rule_extraction,0.95,"...g Nhà nước Việt Nam số 46/2010/QH12; Căn cứ Luật Các tổ chức tín dụng số 32/2024/QH15 được sửa đổi, bổ sung bởi Luật số 96/2025/QH15;"
186888,26/2025/NĐ-CP,THAM_CHIEU,rule_extraction,0.95,"Căn cứ Nghị định số 26/2025/NĐ-CP của Chính phủ quy định chức năng, nhiệm vụ, quyền hạn và cơ cấu tổ chức của Ngân hàng Nhà nước Việt Nam; Theo đề nghị c..."
27257,186888,THAY_THE_BOI,rule_extraction,1.0,1. Thông tư này có hiệu lực từ ngày 01 tháng 01 năm 2027. 2. Thông tư này bãi bỏ Thông tư số 44/2011/TT-NHNN ngày 29 tháng 12 năm 2011 của Thống đốc Ngân hàng Nhà nước Việt Nam quy định về hệ thống kiểm soát nội bộ và kiểm toán ...
6e689cd0-6f81-11f1-94d6-fd5d6d5ff793,173695,SUA_DOI_BO_SUNG,rule_extraction,1.0,"Thông tư số 56/2024/TT-NHNN ngày 24 tháng 12 năm 2024 của Thống đốc Ngân hàng Nhà nước Việt Nam quy định hồ sơ, thủ tục cấp Giấy phép lần đầu của n..."
6e689cd0-6f81-11f1-94d6-fd5d6d5ff793,12/2025/TT-NHNN,SUA_DOI_BO_SUNG,rule_extraction,1.0,"1. Thông tư số 12/2025/TT-NHNN ngày 30 tháng 6 năm 2025 của Thống đốc Ngân hàng Nhà nước Việt Nam sửa đổi, bổ sung một số điều của các Thông tư quy đị..."
6e689cd0-6f81-11f1-94d6-fd5d6d5ff793,11/2026/TT-NHNN,THAM_CHIEU,rule_extraction,0.95,2. Thông tư số 11/2026/TT-NHNN ngày 19 tháng 5 năm 2026 của Thống đốc Ngân hàng Nhà nước Việt Nam phân cấp thực hiện thủ tục hành chính trong lĩnh vực...
6e689cd0-6f81-11f1-94d6-fd5d6d5ff793,102/2022/NĐ-CP,THAM_CHIEU,rule_extraction,0.95,"Căn cứ Luật Các tổ chức tín dụng ngày 18 tháng 01 năm 2024; Căn cứ Nghị định số 102/2022/NĐ-CP ngày 12 tháng 12 năm 2022 của Chính phủ quy định chức năng, nhiệm vụ, quyền hạn và cơ cấu tổ chức của Ngân hàng Nhà nướ..."
6e689cd0-6f81-11f1-94d6-fd5d6d5ff793,162/NĐ-CP,THAM_CHIEU,rule_extraction,0.95,"Căn cứ Nghị định số 162/NĐ-CP ngày 20 tháng 12 năm 2024 của Chính phủ quy định điều kiện cấp Giấy phép đối với quỹ tín dụng nhân dân, tổ chức tài chí..."
6e689cd0-6f81-11f1-94d6-fd5d6d5ff793,173695,THAM_CHIEU,gemini_classification,0.9,"NGÂN HÀNG THƯƠNG MẠI (Ban hành kèm theo Thông tư số 56/2024/TT-NHNN ngày 24 tháng 12 năm 2024 của Thống đốc Ngân hàng Nhà nước Việt Nam quy định hồ sơ, thủ tục cấp Giấy phép lần đầu"
6e689cd0-6f81-11f1-94d6-fd5d6d5ff793,2024/TT-NHNN,THAM_CHIEU,rule_extraction,0.95,"Căn cứ Thông tư số .../2024/TT-NHNN ngày .. tháng ... năm 2024 của Thống đốc Ngân hàng Nhà nước Việt Nam quy định hồ sơ, thủ tục cấp Giấy phép lần đầu của ..."
6e689cd0-6f81-11f1-94d6-fd5d6d5ff793,162/2024/NĐ-CP,THAM_CHIEU,rule_extraction,0.95,"Kính gửi: Thống đốc Ngân hàng Nhà nước Việt Nam Căn cứ Nghị định số 162/2024/NĐ-CP ngày 20 tháng 12 năm 2024 của Chính phủ quy định điều kiện cấp Giấy phép đối với quỹ tín dụng nhân dân, tổ chức tài chí..."
185630,25692,THAM_CHIEU,rule_extraction,0.95,về quỹ tín dụng nhân dân Căn cứ Luật Ngân hàng Nhà nước Việt Nam số 46/2010/QH12;
185630,166170,THAM_CHIEU,rule_extraction,0.95,"Căn cứ Luật Ngân hàng Nhà nước Việt Nam số 46/2010/QH12; Căn cứ Luật Các tổ chức tín dụng số 32/2024/QH15 được sửa đổi, bổ sung bởi Luật số 96/2025/QH15; Căn cứ Luật Hợp tác xã số 17/2023/QH15;"
185630,96/2025/QH15,THAM_CHIEU,rule_extraction,0.95,"...g Nhà nước Việt Nam số 46/2010/QH12; Căn cứ Luật Các tổ chức tín dụng số 32/2024/QH15 được sửa đổi, bổ sung bởi Luật số 96/2025/QH15; Căn cứ Luật Hợp tác xã số 17/2023/QH15;"
185630,166269,THAM_CHIEU,rule_extraction,0.95,Căn cứ Luật Hợp tác xã số 17/2023/QH15;
185630,26/2025/NĐ-CP,THAM_CHIEU,rule_extraction,0.95,"Căn cứ Luật Hợp tác xã số 17/2023/QH15; Căn cứ Nghị định số 26/2025/NĐ-CP của Chính phủ quy định chức năng, nhiệm vụ, quyền hạn và cơ cấu tổ chức của Ngân hàng Nhà nước Việt Nam; Theo đề nghị c..."
185630,168859,SUA_DOI_BO_SUNG,rule_extraction,1.0,"Chương I SỬA ĐỔI, BỔ SUNG MỘT SỐ ĐIỀU CỦA THÔNG TƯ SỐ 29/2024/TT-NHNN QUY ĐỊNH VỀ QUỸ TÍN DỤNG NHÂN DÂN Điều 1. Sửa đổi, bổ sung điểm d khoản 2 Điều 25"
185630,177271,SUA_DOI_BO_SUNG,rule_extraction,1.0,"Chương II SỬA ĐỔI, BỔ SUNG MỘT SỐ ĐIỀU CỦA THÔNG TƯ SỐ 01/2025/TT-NHNN QUY ĐỊNH VỀ CẤP GIẤY PHÉP LẦN ĐẦU, CẤP ĐỔI GIẤY PHÉP CỦA QUỸ TÍN DỤNG NHÂN DÂN"
185630,10/2025/TT-NHNN,SUA_DOI_BO_SUNG,rule_extraction,1.0,"Chương III SỬA ĐỔI, BỔ SUNG MỘT SỐ ĐIỀU CỦA THÔNG TƯ SỐ 10/2025/TT-NHNN QUY ĐỊNH VỀ TỔ CHỨC LẠI, THU HỒI GIẤY PHÉP VÀ THANH LÝ"
185630,08/2025/TT-NHNN,SUA_DOI_BO_SUNG,rule_extraction,1.0,"...ày có hiệu lực thi hành kể từ ngày 16 tháng 02 năm 2026. 2. Thông tư này bãi bỏ quy định tại khoản 1 Điều 2 Thông tư số 08/2025/TT-NHNN ngày 06 tháng 6 năm 2025 của Thống đốc Ngân hàng Nhà nước Việt Nam sửa đổi, bổ sung một số điều của Thông tư số 43/2015..."
185630,43/2015/TT-NHNN,SUA_DOI_BO_SUNG,rule_extraction,1.0,"...TT-NHNN ngày 06 tháng 6 năm 2025 của Thống đốc Ngân hàng Nhà nước Việt Nam sửa đổi, bổ sung một số điều của Thông tư số 43/2015/TT-NHNN ngày 31 tháng 12 năm 2015 của Thống đốc Ngân hàng Nhà nước Việt Nam quy định về tổ chức và hoạt động của phòng giao dịc..."
185630,32/2024/TT-NHNN,SUA_DOI_BO_SUNG,rule_extraction,1.0,...HNN ngày 28 tháng 6 năm 2024 của Thống đốc Ngân hàng Nhà nước Việt Nam quy định về quỹ tín dụng nhân dân và Thông tư số 32/2024/TT-NHNN ngày 30 tháng 6 năm 2024 của Thống đốc Ngân hàng Nhà nước Việt Nam quy định về mạng lưới hoạt động của ngân hàng thương...
117310,25692,THAM_CHIEU,rule_extraction,0.95,Căn cứ Luật Ngân hàng Nhà nước Việt Nam số 46/2010/QH12 ngày 16 tháng 6 năm 2010;
117310,47/2010/QH12,THAM_CHIEU,rule_extraction,0.95,Căn cứ Luật các tổ chức tín dụng số 47/2010/QH12 ngày 16 tháng 6 năm 2010;
117310,156/2013/NĐ-CP,THAM_CHIEU,rule_extraction,0.95,Căn cứ Nghị định số 156/2013/NĐ-CP
166269,23/2012/QH13,THAM_CHIEU,gemini_classification,0.9,3. Luật Hợp tác xã số 23/2012/QH13
44209,25692,THAM_CHIEU,rule_extraction,0.95,Căn cứ Luật Ngân hàng Nhà nước Việt Nam số 46/2010/QH12 ngày 16 tháng 6 năm 2010; Căn cứ
44209,47/2010/QH12,THAM_CHIEU,rule_extraction,0.95,Căn cứ Luật Các tổ chức tín dụng số 47/2010/QH12 ngày 16 tháng 6 năm 2010; Căn cứ Nghị định số
44209,156/2013/NĐ-CP,THAM_CHIEU,rule_extraction,0.95,"Căn cứ Nghị định số 156/2013/NĐ-CP ngày 11 tháng 11 năm 2013 của Chính phủ quy định chức năng, nhiệm vụ, quyền hạn và cơ cấu tổ chức của Ngân hàng Nhà nướ..."
44209,40/2012/NĐ-CP,THAM_CHIEU,rule_extraction,0.95,"Căn cứ Nghị định số 40/2012/NĐ-CP ngày 02 tháng 5 năm 2012 của Chính phủ về nghiệp vụ phát hành tiền; bảo quản, vận chuyển tài sản quý và giấy tờ có giá ..."
44209,60/2006/QĐ-NHNN,THAM_CHIEU,gemini_classification,0.9,"2. Kể từ ngày Thông tư này có hiệu lực, các văn bản sau hết hiệu lực thi hành: a) Quyết định số 60/2006/QĐ-NHNN ngày 27/12/2006 của Thống đốc Ngân hàng Nhà nước ban hành Chế độ giao nhận, bảo quản, vận chuyển tiền mặt, tài sản quý,..."
44209,27/2007/QĐ-NHNN,SUA_DOI_BO_SUNG,rule_extraction,1.0,"b) Quyết định số 27/2007/QĐ-NHNN ngày 21/6/2007 sửa đổi, bổ sung một số Điều của Chế độ giao nhận, bảo quản, vận chuyển tiền mặt, tài sản quý, giấy tờ c..."
44209,60/2006/QĐ-NHNN,SUA_DOI_BO_SUNG,rule_extraction,1.0,"...ột số Điều của Chế độ giao nhận, bảo quản, vận chuyển tiền mặt, tài sản quý, giấy tờ có giá ban hành theo Quyết định số 60/2006/QĐ-NHNN;"
44209,21/2011/TT-NHNN,SUA_DOI_BO_SUNG,rule_extraction,1.0,"c) Thông tư số 21/2011/TT-NHNN ngày 30/8/2011 sửa đổi, bổ sung Khoản 5 Điều 3 Chế độ giao nhận, bảo quản, vận chuyển tiền mặt, tài sản quý, giấy tờ có..."
25692,51/2001/QH10,THAM_CHIEU,rule_extraction,0.95,"...n cứ Hiến pháp nước Cộng hoà xã hội chủ nghĩa Việt Nam năm 1992 đã được sửa đổi, bổ sung một số điều theo Nghị quyết số 51/2001/QH10; Quốc hội ban hành Luật Ngân hàng Nhà nước Việt Nam."
25692,01/1997/QH10,SUA_DOI_BO_SUNG,rule_extraction,1.0,"1. Luật này có hiệu lực thi hành từ ngày 01 tháng 01 năm 2011. 2. Luật Ngân hàng Nhà nước Việt Nam số 01/1997/QH10 và Luật sửa đổi, bổ sung một số điều của Luật Ngân hàng Nhà nước Việt Nam số 10/2003/QH11 hết hiệu lực kể từ ngày Luật ..."
25692,10/2003/QH11,SUA_DOI_BO_SUNG,rule_extraction,1.0,"...gân hàng Nhà nước Việt Nam số 01/1997/QH10 và Luật sửa đổi, bổ sung một số điều của Luật Ngân hàng Nhà nước Việt Nam số 10/2003/QH11 hết hiệu lực kể từ ngày Luật này có hiệu lực. Điều 66. Quy định chi tiết và hướng dẫn thi hành"
166170,ENT_COQUAN_004,BAN_HANH_BOI,original,1.0,Metadata co_quan_ban_hanh: Quốc hội
166170,ENT_NGUOIKY_011,KY_BOI,original,1.0,Metadata nguoi_ky: Vương Đình Huệ (Chủ tịch Quốc hội)
166170,ENT_LINHVUC_010,THUOC_LINH_VUC,original,1.0,Metadata linh_vuc: Tín dụng
112025,ENT_COQUAN_002,BAN_HANH_BOI,original,1.0,Metadata co_quan_ban_hanh: Chính phủ
112025,ENT_NGUOIKY_004,KY_BOI,original,1.0,Metadata nguoi_ky: Nguyễn Xuân Phúc (Thủ tướng)
38128,ENT_COQUAN_003,BAN_HANH_BOI,original,1.0,Metadata co_quan_ban_hanh: Ngân hàng Nhà nước Việt Nam
38128,ENT_NGUOIKY_013,KY_BOI,original,1.0,Metadata nguoi_ky: Đào Minh Tú (Phó Thống đốc)
38128,ENT_LINHVUC_006,THUOC_LINH_VUC,original,1.0,Metadata linh_vuc: Phát hành và kho quỹ
26750,ENT_COQUAN_004,BAN_HANH_BOI,original,1.0,Metadata co_quan_ban_hanh: Quốc hội
26750,ENT_NGUOIKY_002,KY_BOI,original,1.0,Metadata nguoi_ky: Nguyễn Phú Trọng (Chủ tịch Quốc hội)
163441,ENT_COQUAN_002,BAN_HANH_BOI,original,1.0,Metadata co_quan_ban_hanh: Chính phủ
163441,ENT_NGUOIKY_001,KY_BOI,original,1.0,Metadata nguoi_ky: Lê Minh Khái (Phó Thủ tướng Chính phủ)
163441,ENT_LINHVUC_001,THUOC_LINH_VUC,original,1.0,Metadata linh_vuc: Bảo hiểm
146468,ENT_COQUAN_002,BAN_HANH_BOI,original,1.0,Metadata co_quan_ban_hanh: Chính phủ
146468,ENT_NGUOIKY_004,KY_BOI,original,1.0,Metadata nguoi_ky: Nguyễn Xuân Phúc (Thủ tướng)
146468,ENT_LINHVUC_002,THUOC_LINH_VUC,original,1.0,Metadata linh_vuc: Chứng khoán
168220,ENT_COQUAN_003,BAN_HANH_BOI,original,1.0,Metadata co_quan_ban_hanh: Ngân hàng Nhà nước Việt Nam
168220,ENT_NGUOIKY_013,KY_BOI,original,1.0,Metadata nguoi_ky: Đào Minh Tú (Phó Thống đốc)
168220,ENT_LINHVUC_009,THUOC_LINH_VUC,original,1.0,"Metadata linh_vuc: Thanh tra, giám sát ngân hàng"
133858,ENT_COQUAN_002,BAN_HANH_BOI,original,1.0,Metadata co_quan_ban_hanh: Chính phủ
133858,ENT_NGUOIKY_004,KY_BOI,original,1.0,Metadata nguoi_ky: Nguyễn Xuân Phúc (Thủ tướng)
169221,ENT_COQUAN_003,BAN_HANH_BOI,original,1.0,Metadata co_quan_ban_hanh: Ngân hàng Nhà nước Việt Nam
169221,ENT_NGUOIKY_007,KY_BOI,original,1.0,Metadata nguoi_ky: Phạm Thanh Hà (Phó Thống đốc)
169221,ENT_LINHVUC_008,THUOC_LINH_VUC,original,1.0,Metadata linh_vuc: Quản lý ngoại hối
95652,ENT_COQUAN_002,BAN_HANH_BOI,original,1.0,Metadata co_quan_ban_hanh: Chính phủ
95652,ENT_NGUOIKY_003,KY_BOI,original,1.0,Metadata nguoi_ky: Nguyễn Tấn Dũng (Thủ tướng Chính phủ)
f69936f0-6937-11f1-a48d-29bc6b0fd706,ENT_COQUAN_001,BAN_HANH_BOI,original,1.0,Metadata co_quan_ban_hanh: Bộ Tài chính
f69936f0-6937-11f1-a48d-29bc6b0fd706,ENT_NGUOIKY_006,KY_BOI,original,1.0,Metadata nguoi_ky: Nguyễn Đức Chi (Thứ trưởng)
30402,ENT_COQUAN_001,BAN_HANH_BOI,original,1.0,Metadata co_quan_ban_hanh: Bộ Tài chính
30402,ENT_NGUOIKY_009,KY_BOI,original,1.0,Metadata nguoi_ky: Trần Xuân Hà (Thứ trưởng)
30402,ENT_LINHVUC_007,THUOC_LINH_VUC,original,1.0,Metadata linh_vuc: Quản lý dịch vụ tài chính và các quỹ tài chính
173460,ENT_COQUAN_003,BAN_HANH_BOI,original,1.0,Metadata co_quan_ban_hanh: Ngân hàng Nhà nước Việt Nam
173460,ENT_NGUOIKY_012,KY_BOI,original,1.0,Metadata nguoi_ky: Đoàn Thái Sơn (Phó Thống đốc)
173460,ENT_LINHVUC_009,THUOC_LINH_VUC,original,1.0,"Metadata linh_vuc: Thanh tra, giám sát ngân hàng"
27257,ENT_COQUAN_003,BAN_HANH_BOI,original,1.0,Metadata co_quan_ban_hanh: Ngân hàng Nhà nước Việt Nam
27257,ENT_NGUOIKY_008,KY_BOI,original,1.0,Metadata nguoi_ky: Trần Minh Tuấn (Phó Thống đốc)
143217,ENT_COQUAN_001,BAN_HANH_BOI,original,1.0,Metadata co_quan_ban_hanh: Bộ Tài chính
168859,ENT_COQUAN_003,BAN_HANH_BOI,original,1.0,Metadata co_quan_ban_hanh: Ngân hàng Nhà nước Việt Nam
168859,ENT_NGUOIKY_013,KY_BOI,original,1.0,Metadata nguoi_ky: Đào Minh Tú (Phó Thống đốc)
168859,ENT_LINHVUC_009,THUOC_LINH_VUC,original,1.0,"Metadata linh_vuc: Thanh tra, giám sát ngân hàng"
150974,ENT_COQUAN_001,BAN_HANH_BOI,original,1.0,Metadata co_quan_ban_hanh: Bộ Tài chính
150974,ENT_NGUOIKY_010,KY_BOI,original,1.0,Metadata nguoi_ky: Tạ Anh Tuấn (Thứ trưởng)
150974,ENT_LINHVUC_004,THUOC_LINH_VUC,original,1.0,"Metadata linh_vuc: Kế toán, kiểm toán"
164719,ENT_COQUAN_003,BAN_HANH_BOI,original,1.0,Metadata co_quan_ban_hanh: Ngân hàng Nhà nước Việt Nam
164719,ENT_NGUOIKY_012,KY_BOI,original,1.0,Metadata nguoi_ky: Đoàn Thái Sơn (Phó Thống đốc Ngân hàng Nhà nước Việt Nam)
164719,ENT_LINHVUC_009,THUOC_LINH_VUC,original,1.0,"Metadata linh_vuc: Thanh tra, giám sát ngân hàng"
173695,ENT_COQUAN_003,BAN_HANH_BOI,original,1.0,Metadata co_quan_ban_hanh: Ngân hàng Nhà nước Việt Nam
173695,ENT_NGUOIKY_012,KY_BOI,original,1.0,Metadata nguoi_ky: Đoàn Thái Sơn (Phó Thống đốc)
173695,ENT_LINHVUC_009,THUOC_LINH_VUC,original,1.0,"Metadata linh_vuc: Thanh tra, giám sát ngân hàng"
186482,ENT_COQUAN_003,BAN_HANH_BOI,original,1.0,Metadata co_quan_ban_hanh: Ngân hàng Nhà nước Việt Nam
186482,ENT_NGUOIKY_012,KY_BOI,original,1.0,Metadata nguoi_ky: Đoàn Thái Sơn (Phó Thống đốc)
186482,ENT_LINHVUC_003,THUOC_LINH_VUC,original,1.0,Metadata linh_vuc: Cục An toàn hệ thống các tổ chức tín dụng
112924,ENT_COQUAN_001,BAN_HANH_BOI,original,1.0,Metadata co_quan_ban_hanh: Bộ Tài chính
112924,ENT_NGUOIKY_009,KY_BOI,original,1.0,Metadata nguoi_ky: Trần Xuân Hà (Thứ trưởng)
174218,ENT_COQUAN_003,BAN_HANH_BOI,original,1.0,Metadata co_quan_ban_hanh: Ngân hàng Nhà nước Việt Nam
174218,ENT_NGUOIKY_012,KY_BOI,original,1.0,Metadata nguoi_ky: Đoàn Thái Sơn (Phó Thống đốc)
174218,ENT_LINHVUC_009,THUOC_LINH_VUC,original,1.0,"Metadata linh_vuc: Thanh tra, giám sát ngân hàng"
186888,ENT_COQUAN_003,BAN_HANH_BOI,original,1.0,Metadata co_quan_ban_hanh: Ngân hàng Nhà nước Việt Nam
186888,ENT_NGUOIKY_012,KY_BOI,original,1.0,Metadata nguoi_ky: Đoàn Thái Sơn (Phó Thống đốc)
186888,ENT_LINHVUC_003,THUOC_LINH_VUC,original,1.0,Metadata linh_vuc: Cục An toàn hệ thống các tổ chức tín dụng
6e689cd0-6f81-11f1-94d6-fd5d6d5ff793,ENT_COQUAN_003,BAN_HANH_BOI,original,1.0,Metadata co_quan_ban_hanh: Ngân hàng Nhà nước Việt Nam
6e689cd0-6f81-11f1-94d6-fd5d6d5ff793,ENT_NGUOIKY_012,KY_BOI,original,1.0,Metadata nguoi_ky: Đoàn Thái Sơn (Phó Thống đốc)
185630,ENT_COQUAN_003,BAN_HANH_BOI,original,1.0,Metadata co_quan_ban_hanh: Ngân hàng Nhà nước Việt Nam
185630,ENT_NGUOIKY_012,KY_BOI,original,1.0,Metadata nguoi_ky: Đoàn Thái Sơn (Phó Thống đốc)
185630,ENT_LINHVUC_005,THUOC_LINH_VUC,original,1.0,"Metadata linh_vuc: Lao động, tiền lương, tiền công"
117310,ENT_COQUAN_003,BAN_HANH_BOI,original,1.0,Metadata co_quan_ban_hanh: Ngân hàng Nhà nước Việt Nam
117310,ENT_NGUOIKY_005,KY_BOI,original,1.0,Metadata nguoi_ky: Nguyễn Đồng Tiến (Phó Thống đốc)
117310,ENT_LINHVUC_009,THUOC_LINH_VUC,original,1.0,"Metadata linh_vuc: Thanh tra, giám sát ngân hàng"
166269,ENT_COQUAN_004,BAN_HANH_BOI,original,1.0,Metadata co_quan_ban_hanh: Quốc hội
166269,ENT_NGUOIKY_011,KY_BOI,original,1.0,Metadata nguoi_ky: Vương Đình Huệ (Chủ tịch Quốc hội)
177271,ENT_COQUAN_003,BAN_HANH_BOI,original,1.0,Metadata co_quan_ban_hanh: Ngân hàng Nhà nước Việt Nam
177271,ENT_NGUOIKY_012,KY_BOI,original,1.0,Metadata nguoi_ky: Đoàn Thái Sơn (Phó Thống đốc)
177271,ENT_LINHVUC_003,THUOC_LINH_VUC,original,1.0,Metadata linh_vuc: Cục An toàn hệ thống các tổ chức tín dụng
44209,ENT_COQUAN_003,BAN_HANH_BOI,original,1.0,Metadata co_quan_ban_hanh: Ngân hàng Nhà nước Việt Nam
44209,ENT_NGUOIKY_013,KY_BOI,original,1.0,Metadata nguoi_ky: Đào Minh Tú (Phó Thống đốc)
44209,ENT_LINHVUC_006,THUOC_LINH_VUC,original,1.0,Metadata linh_vuc: Phát hành và kho quỹ
25692,ENT_COQUAN_004,BAN_HANH_BOI,original,1.0,Metadata co_quan_ban_hanh: Quốc hội
25692,ENT_NGUOIKY_002,KY_BOI,original,1.0,Metadata nguoi_ky: Nguyễn Phú Trọng (Chủ tịch Quốc hội)
166170,ENT_DOITUONGAPDUNG_035,AP_DUNG_CHO,rule_extraction,0.95,"Điều 2. Đối tượng áp dụng 1. Tổ chức tín dụng. 2. Chi nhánh ngân hàng nước ngoài. 3. Văn phòng đại diện tại Việt Nam của tổ chức tín dụng nước ngoài, tổ chức nước ngoài khác có hoạt động ngân hàng (sau đây gọi là văn phòng đại diện nước ngoài). 4. Tổ"
166170,ENT_DOITUONGAPDUNG_002,AP_DUNG_CHO,rule_extraction,0.95,"Điều 2. Đối tượng áp dụng 1. Tổ chức tín dụng. 2. Chi nhánh ngân hàng nước ngoài. 3. Văn phòng đại diện tại Việt Nam của tổ chức tín dụng nước ngoài, tổ chức nước ngoài khác có hoạt động ngân hàng (sau đây gọi là văn phòng đại diện nước ngoài). 4. Tổ"
166170,ENT_DOITUONGAPDUNG_024,AP_DUNG_CHO,rule_extraction,0.95,"Điều 2. Đối tượng áp dụng 1. Tổ chức tín dụng. 2. Chi nhánh ngân hàng nước ngoài. 3. Văn phòng đại diện tại Việt Nam của tổ chức tín dụng nước ngoài, tổ chức nước ngoài khác có hoạt động ngân hàng (sau đây gọi là văn phòng đại diện nước ngoài). 4. Tổ"
112025,ENT_DOITUONGAPDUNG_019,AP_DUNG_CHO,rule_extraction,0.95,"Điều 1. Phạm vi và đối tượng áp dụng 1. Nghị định này quy định chi tiết và hướng dẫn thi hành một số điều của Luật kinh doanh bảo hiểm và Luật sửa đổi, bổ sung một số điều của Luật kinh doanh bảo hiểm bao gồm: a) Thành lập và hoạt động của các doanh"
112025,ENT_DOITUONGAPDUNG_004,AP_DUNG_CHO,rule_extraction,0.95,"Điều 1. Phạm vi và đối tượng áp dụng 1. Nghị định này quy định chi tiết và hướng dẫn thi hành một số điều của Luật kinh doanh bảo hiểm và Luật sửa đổi, bổ sung một số điều của Luật kinh doanh bảo hiểm bao gồm: a) Thành lập và hoạt động của các doanh"
112025,ENT_DOITUONGAPDUNG_003,AP_DUNG_CHO,rule_extraction,0.95,"Điều 1. Phạm vi và đối tượng áp dụng 1. Nghị định này quy định chi tiết và hướng dẫn thi hành một số điều của Luật kinh doanh bảo hiểm và Luật sửa đổi, bổ sung một số điều của Luật kinh doanh bảo hiểm bao gồm: a) Thành lập và hoạt động của các doanh"
112025,ENT_DOITUONGAPDUNG_015,AP_DUNG_CHO,rule_extraction,0.95,"Điều 1. Phạm vi và đối tượng áp dụng 1. Nghị định này quy định chi tiết và hướng dẫn thi hành một số điều của Luật kinh doanh bảo hiểm và Luật sửa đổi, bổ sung một số điều của Luật kinh doanh bảo hiểm bao gồm: a) Thành lập và hoạt động của các doanh"
112025,ENT_DOITUONGAPDUNG_010,AP_DUNG_CHO,rule_extraction,0.95,"Điều 1. Phạm vi và đối tượng áp dụng 1. Nghị định này quy định chi tiết và hướng dẫn thi hành một số điều của Luật kinh doanh bảo hiểm và Luật sửa đổi, bổ sung một số điều của Luật kinh doanh bảo hiểm bao gồm: a) Thành lập và hoạt động của các doanh"
38128,ENT_DOITUONGAPDUNG_035,AP_DUNG_CHO,rule_extraction,0.95,"Điều 2. Đối tượng áp dụng 1. Các đơn vị có liên quan thuộc Ngân hàng Nhà nước. 2. Nhà máy in tiền Quốc gia. 3. Tổ chức, cá nhân khác có liên quan đến công việc thiết kế mẫu tiền, chế tạo bản in, khuôn đúc và in, đúc tiền."
38128,ENT_DOITUONGAPDUNG_018,AP_DUNG_CHO,rule_extraction,0.95,"Điều 2. Đối tượng áp dụng 1. Các đơn vị có liên quan thuộc Ngân hàng Nhà nước. 2. Nhà máy in tiền Quốc gia. 3. Tổ chức, cá nhân khác có liên quan đến công việc thiết kế mẫu tiền, chế tạo bản in, khuôn đúc và in, đúc tiền."
38128,ENT_DOITUONGAPDUNG_034,AP_DUNG_CHO,rule_extraction,0.95,"Điều 2. Đối tượng áp dụng 1. Các đơn vị có liên quan thuộc Ngân hàng Nhà nước. 2. Nhà máy in tiền Quốc gia. 3. Tổ chức, cá nhân khác có liên quan đến công việc thiết kế mẫu tiền, chế tạo bản in, khuôn đúc và in, đúc tiền."
163441,ENT_DOITUONGAPDUNG_035,AP_DUNG_CHO,rule_extraction,0.95,"Điều 2. Đối tượng áp dụng 1. Doanh nghiệp bảo hiểm phi nhân thọ, doanh nghiệp bảo hiểm nhân thọ, doanh nghiệp bảo hiểm sức khỏe (sau đây gọi là doanh nghiệp bảo hiểm), doanh nghiệp tái bảo hiểm, đại lý bảo hiểm, doanh nghiệp môi giới bảo hiểm, tổ chứ"
163441,ENT_DOITUONGAPDUNG_001,AP_DUNG_CHO,rule_extraction,0.95,"Điều 2. Đối tượng áp dụng 1. Doanh nghiệp bảo hiểm phi nhân thọ, doanh nghiệp bảo hiểm nhân thọ, doanh nghiệp bảo hiểm sức khỏe (sau đây gọi là doanh nghiệp bảo hiểm), doanh nghiệp tái bảo hiểm, đại lý bảo hiểm, doanh nghiệp môi giới bảo hiểm, tổ chứ"
163441,ENT_DOITUONGAPDUNG_028,AP_DUNG_CHO,rule_extraction,0.95,"Điều 2. Đối tượng áp dụng 1. Doanh nghiệp bảo hiểm phi nhân thọ, doanh nghiệp bảo hiểm nhân thọ, doanh nghiệp bảo hiểm sức khỏe (sau đây gọi là doanh nghiệp bảo hiểm), doanh nghiệp tái bảo hiểm, đại lý bảo hiểm, doanh nghiệp môi giới bảo hiểm, tổ chứ"
168220,ENT_DOITUONGAPDUNG_035,AP_DUNG_CHO,rule_extraction,0.95,"Điều 2. Đối tượng áp dụng 1. Ngân hàng hợp tác xã. 2. Quỹ tín dụng nhân dân. 3. Tổ chức, cá nhân có liên quan đến phạm vi điều chỉnh quy định tại Điều 1 Thông tư này."
168220,ENT_DOITUONGAPDUNG_021,AP_DUNG_CHO,rule_extraction,0.95,"Điều 2. Đối tượng áp dụng 1. Ngân hàng hợp tác xã. 2. Quỹ tín dụng nhân dân. 3. Tổ chức, cá nhân có liên quan đến phạm vi điều chỉnh quy định tại Điều 1 Thông tư này."
168220,ENT_DOITUONGAPDUNG_030,AP_DUNG_CHO,rule_extraction,0.95,"Điều 2. Đối tượng áp dụng 1. Ngân hàng hợp tác xã. 2. Quỹ tín dụng nhân dân. 3. Tổ chức, cá nhân có liên quan đến phạm vi điều chỉnh quy định tại Điều 1 Thông tư này."
133858,ENT_DOITUONGAPDUNG_035,AP_DUNG_CHO,rule_extraction,0.95,"Điều 2. Đối tượng áp dụng 1. Đối tượng áp dụng Nghị định này bao gồm: a) Các bộ, cơ quan ngang bộ, cơ quan thuộc Chính phủ; b) Ủy ban nhân dân các tỉnh, thành phố trực thuộc trung ương; c) Các đơn vị sự nghiệp công lập; d) Các doanh nghiệp; đ) Các tổ"
133858,ENT_DOITUONGAPDUNG_006,AP_DUNG_CHO,rule_extraction,0.95,"Điều 2. Đối tượng áp dụng 1. Đối tượng áp dụng Nghị định này bao gồm: a) Các bộ, cơ quan ngang bộ, cơ quan thuộc Chính phủ; b) Ủy ban nhân dân các tỉnh, thành phố trực thuộc trung ương; c) Các đơn vị sự nghiệp công lập; d) Các doanh nghiệp; đ) Các tổ"
133858,ENT_DOITUONGAPDUNG_037,AP_DUNG_CHO,rule_extraction,0.95,"Điều 2. Đối tượng áp dụng 1. Đối tượng áp dụng Nghị định này bao gồm: a) Các bộ, cơ quan ngang bộ, cơ quan thuộc Chính phủ; b) Ủy ban nhân dân các tỉnh, thành phố trực thuộc trung ương; c) Các đơn vị sự nghiệp công lập; d) Các doanh nghiệp; đ) Các tổ"
133858,ENT_DOITUONGAPDUNG_013,AP_DUNG_CHO,rule_extraction,0.95,"Điều 2. Đối tượng áp dụng 1. Đối tượng áp dụng Nghị định này bao gồm: a) Các bộ, cơ quan ngang bộ, cơ quan thuộc Chính phủ; b) Ủy ban nhân dân các tỉnh, thành phố trực thuộc trung ương; c) Các đơn vị sự nghiệp công lập; d) Các doanh nghiệp; đ) Các tổ"
133858,ENT_DOITUONGAPDUNG_008,AP_DUNG_CHO,rule_extraction,0.95,"Điều 2. Đối tượng áp dụng 1. Đối tượng áp dụng Nghị định này bao gồm: a) Các bộ, cơ quan ngang bộ, cơ quan thuộc Chính phủ; b) Ủy ban nhân dân các tỉnh, thành phố trực thuộc trung ương; c) Các đơn vị sự nghiệp công lập; d) Các doanh nghiệp; đ) Các tổ"
133858,ENT_DOITUONGAPDUNG_011,AP_DUNG_CHO,rule_extraction,0.95,"Điều 2. Đối tượng áp dụng 1. Đối tượng áp dụng Nghị định này bao gồm: a) Các bộ, cơ quan ngang bộ, cơ quan thuộc Chính phủ; b) Ủy ban nhân dân các tỉnh, thành phố trực thuộc trung ương; c) Các đơn vị sự nghiệp công lập; d) Các doanh nghiệp; đ) Các tổ"
95652,ENT_DOITUONGAPDUNG_035,AP_DUNG_CHO,rule_extraction,0.95,Điều 2. Đối tượng áp dụng 1. Nhà đầu tư gồm các đối tượng sau: a) Tổ chức kinh tế theo quy định tại Khoản 16 Điều 3 Luật Đầu tư; b) Cá nhân có quốc tịch Việt Nam thuộc đối tượng được tham gia chương trình thưởng cổ phiếu phát hành ở nước ngoài. 2. Cá
95652,ENT_DOITUONGAPDUNG_023,AP_DUNG_CHO,rule_extraction,0.95,Điều 2. Đối tượng áp dụng 1. Nhà đầu tư gồm các đối tượng sau: a) Tổ chức kinh tế theo quy định tại Khoản 16 Điều 3 Luật Đầu tư; b) Cá nhân có quốc tịch Việt Nam thuộc đối tượng được tham gia chương trình thưởng cổ phiếu phát hành ở nước ngoài. 2. Cá
95652,ENT_DOITUONGAPDUNG_005,AP_DUNG_CHO,rule_extraction,0.95,Điều 2. Đối tượng áp dụng 1. Nhà đầu tư gồm các đối tượng sau: a) Tổ chức kinh tế theo quy định tại Khoản 16 Điều 3 Luật Đầu tư; b) Cá nhân có quốc tịch Việt Nam thuộc đối tượng được tham gia chương trình thưởng cổ phiếu phát hành ở nước ngoài. 2. Cá
95652,ENT_DOITUONGAPDUNG_007,AP_DUNG_CHO,rule_extraction,0.95,Điều 2. Đối tượng áp dụng 1. Nhà đầu tư gồm các đối tượng sau: a) Tổ chức kinh tế theo quy định tại Khoản 16 Điều 3 Luật Đầu tư; b) Cá nhân có quốc tịch Việt Nam thuộc đối tượng được tham gia chương trình thưởng cổ phiếu phát hành ở nước ngoài. 2. Cá
95652,ENT_DOITUONGAPDUNG_012,AP_DUNG_CHO,rule_extraction,0.95,Điều 2. Đối tượng áp dụng 1. Nhà đầu tư gồm các đối tượng sau: a) Tổ chức kinh tế theo quy định tại Khoản 16 Điều 3 Luật Đầu tư; b) Cá nhân có quốc tịch Việt Nam thuộc đối tượng được tham gia chương trình thưởng cổ phiếu phát hành ở nước ngoài. 2. Cá
30402,ENT_DOITUONGAPDUNG_035,AP_DUNG_CHO,rule_extraction,0.95,"Điều 2. Đối tượng áp dụng 1. Kiểm toán viên đăng ký hành nghề tại doanh nghiệp kiểm toán, chi nhánh doanh nghiệp kiểm toán nước ngoài tại Việt Nam. 2. Doanh nghiệp kiểm toán, chi nhánh doanh nghiệp kiểm toán nước ngoài tại Việt Nam (sau đây gọi chung"
30402,ENT_DOITUONGAPDUNG_033,AP_DUNG_CHO,rule_extraction,0.95,"Điều 2. Đối tượng áp dụng 1. Kiểm toán viên đăng ký hành nghề tại doanh nghiệp kiểm toán, chi nhánh doanh nghiệp kiểm toán nước ngoài tại Việt Nam. 2. Doanh nghiệp kiểm toán, chi nhánh doanh nghiệp kiểm toán nước ngoài tại Việt Nam (sau đây gọi chung"
173460,ENT_DOITUONGAPDUNG_035,AP_DUNG_CHO,rule_extraction,0.95,"Điều 2. Đối tượng áp dụng 1. Công ty tài chính tổng hợp. 2. Công ty tài chính chuyên ngành. 3. Các tổ chức, cá nhân có liên quan đến việc cấp Giấy phép lần đầu của tổ chức tín dụng phi ngân hàng."
173460,ENT_DOITUONGAPDUNG_014,AP_DUNG_CHO,rule_extraction,0.95,"Điều 2. Đối tượng áp dụng 1. Công ty tài chính tổng hợp. 2. Công ty tài chính chuyên ngành. 3. Các tổ chức, cá nhân có liên quan đến việc cấp Giấy phép lần đầu của tổ chức tín dụng phi ngân hàng."
173460,ENT_DOITUONGAPDUNG_009,AP_DUNG_CHO,rule_extraction,0.95,"Điều 2. Đối tượng áp dụng 1. Công ty tài chính tổng hợp. 2. Công ty tài chính chuyên ngành. 3. Các tổ chức, cá nhân có liên quan đến việc cấp Giấy phép lần đầu của tổ chức tín dụng phi ngân hàng."
27257,ENT_DOITUONGAPDUNG_035,AP_DUNG_CHO,rule_extraction,0.95,"Điều 2. Đối tượng áp dụng 1. Tổ chức tín dụng; 2. Chi nhánh ngân hàng nước ngoài; 3. Tổ chức, cá nhân có liên quan đến hệ thống kiểm soát nội bộ và kiểm toán nội bộ của tổ chức tín dụng, chi nhánh ngân hàng nước ngoài."
27257,ENT_DOITUONGAPDUNG_002,AP_DUNG_CHO,rule_extraction,0.95,"Điều 2. Đối tượng áp dụng 1. Tổ chức tín dụng; 2. Chi nhánh ngân hàng nước ngoài; 3. Tổ chức, cá nhân có liên quan đến hệ thống kiểm soát nội bộ và kiểm toán nội bộ của tổ chức tín dụng, chi nhánh ngân hàng nước ngoài."
143217,ENT_DOITUONGAPDUNG_035,AP_DUNG_CHO,rule_extraction,0.95,Điều 2. Đối tượng áp dụng 1. Thông tư này áp dụng đối với các doanh nghiệp quy định tại khoản 1 Điều 10 Nghị định số 05/2019/NĐ-CP ngày 22 tháng 01 năm 2019 của Chính phủ về kiếm toán nội bộ. 2. Các doanh nghiệp không thuộc quy định tại khoản 1 Điều
168859,ENT_DOITUONGAPDUNG_035,AP_DUNG_CHO,rule_extraction,0.95,"Điều 2. Đối tượng áp dụng 1. Quỹ tín dụng nhân dân. 2. Ngân hàng hợp tác xã. 3. Tổ chức, cá nhân có liên quan đến quản trị, điều hành, tổ chức và hoạt động của quỹ tín dụng nhân dân."
168859,ENT_DOITUONGAPDUNG_016,AP_DUNG_CHO,rule_extraction,0.95,"Điều 2. Đối tượng áp dụng 1. Quỹ tín dụng nhân dân. 2. Ngân hàng hợp tác xã. 3. Tổ chức, cá nhân có liên quan đến quản trị, điều hành, tổ chức và hoạt động của quỹ tín dụng nhân dân."
168859,ENT_DOITUONGAPDUNG_031,AP_DUNG_CHO,rule_extraction,0.95,"Điều 2. Đối tượng áp dụng 1. Quỹ tín dụng nhân dân. 2. Ngân hàng hợp tác xã. 3. Tổ chức, cá nhân có liên quan đến quản trị, điều hành, tổ chức và hoạt động của quỹ tín dụng nhân dân."
150974,ENT_DOITUONGAPDUNG_035,AP_DUNG_CHO,rule_extraction,0.95,"Điều 2. Đối tượng áp dụng 1. Chuẩn mực kiểm toán nội bộ Việt Nam và các nguyên tắc đạo đức nghề nghiệp kiểm toán nội bộ áp dụng đối với các doanh nghiệp, cơ quan nhà nước, đơn vị sự nghiệp công lập quy định tại Điều 8, Điều 9, Điều 10 Nghị định số 05"
173695,ENT_DOITUONGAPDUNG_036,AP_DUNG_CHO,rule_extraction,0.95,"Điều 2. Đối tượng áp dụng Thông tư này áp dụng đối với: 1. Ngân hàng thương mại. 2. Chi nhánh ngân hàng nước ngoài. 3. Văn phòng đại diện tại Việt Nam của tổ chức tín dụng nước ngoài, tổ chức nước ngoài khác có hoạt động ngân hàng (sau đây gọi là văn"
173695,ENT_DOITUONGAPDUNG_002,AP_DUNG_CHO,rule_extraction,0.95,"Điều 2. Đối tượng áp dụng Thông tư này áp dụng đối với: 1. Ngân hàng thương mại. 2. Chi nhánh ngân hàng nước ngoài. 3. Văn phòng đại diện tại Việt Nam của tổ chức tín dụng nước ngoài, tổ chức nước ngoài khác có hoạt động ngân hàng (sau đây gọi là văn"
174218,ENT_DOITUONGAPDUNG_035,AP_DUNG_CHO,rule_extraction,0.95,"Điều 2. Đối tượng áp dụng 1. Các tổ chức tín dụng bao gồm: a) Ngân hàng thương mại; b) Tổ chức tín dụng phi ngân hàng bao gồm công ty tài chính tổng hợp và công ty tài chính chuyên ngành. 2. Tổ chức, cá nhân có liên quan đến việc tổ chức lại tổ chức"
174218,ENT_DOITUONGAPDUNG_017,AP_DUNG_CHO,rule_extraction,0.95,"Điều 2. Đối tượng áp dụng 1. Các tổ chức tín dụng bao gồm: a) Ngân hàng thương mại; b) Tổ chức tín dụng phi ngân hàng bao gồm công ty tài chính tổng hợp và công ty tài chính chuyên ngành. 2. Tổ chức, cá nhân có liên quan đến việc tổ chức lại tổ chức"
174218,ENT_DOITUONGAPDUNG_026,AP_DUNG_CHO,rule_extraction,0.95,"Điều 2. Đối tượng áp dụng 1. Các tổ chức tín dụng bao gồm: a) Ngân hàng thương mại; b) Tổ chức tín dụng phi ngân hàng bao gồm công ty tài chính tổng hợp và công ty tài chính chuyên ngành. 2. Tổ chức, cá nhân có liên quan đến việc tổ chức lại tổ chức"
174218,ENT_DOITUONGAPDUNG_032,AP_DUNG_CHO,rule_extraction,0.95,"Điều 2. Đối tượng áp dụng 1. Các tổ chức tín dụng bao gồm: a) Ngân hàng thương mại; b) Tổ chức tín dụng phi ngân hàng bao gồm công ty tài chính tổng hợp và công ty tài chính chuyên ngành. 2. Tổ chức, cá nhân có liên quan đến việc tổ chức lại tổ chức"
186888,ENT_DOITUONGAPDUNG_035,AP_DUNG_CHO,rule_extraction,0.95,"Điều 2. Đối tượng áp dụng 1. Tổ chức tín dụng là hợp tác xã bao gồm ngân hàng hợp tác xã, quỹ tín dụng nhân dân. 2. Tổ chức tài chính vi mô. 3. Tổ chức, cá nhân có liên quan đến hệ thống kiểm soát nội bộ của tổ chức tín dụng."
186888,ENT_DOITUONGAPDUNG_025,AP_DUNG_CHO,rule_extraction,0.95,"Điều 2. Đối tượng áp dụng 1. Tổ chức tín dụng là hợp tác xã bao gồm ngân hàng hợp tác xã, quỹ tín dụng nhân dân. 2. Tổ chức tài chính vi mô. 3. Tổ chức, cá nhân có liên quan đến hệ thống kiểm soát nội bộ của tổ chức tín dụng."
186888,ENT_DOITUONGAPDUNG_029,AP_DUNG_CHO,rule_extraction,0.95,"Điều 2. Đối tượng áp dụng 1. Tổ chức tín dụng là hợp tác xã bao gồm ngân hàng hợp tác xã, quỹ tín dụng nhân dân. 2. Tổ chức tài chính vi mô. 3. Tổ chức, cá nhân có liên quan đến hệ thống kiểm soát nội bộ của tổ chức tín dụng."
6e689cd0-6f81-11f1-94d6-fd5d6d5ff793,ENT_DOITUONGAPDUNG_036,AP_DUNG_CHO,rule_extraction,0.95,"Điều 2. Đối tượng áp dụng Thông tư này áp dụng đối với: 1. Ngân hàng thương mại. 2. Chi nhánh ngân hàng nước ngoài. 3. Văn phòng đại diện tại Việt Nam của tổ chức tín dụng nước ngoài, tổ chức nước ngoài khác có hoạt động ngân hàng (sau đây gọi là văn"
6e689cd0-6f81-11f1-94d6-fd5d6d5ff793,ENT_DOITUONGAPDUNG_002,AP_DUNG_CHO,rule_extraction,0.95,"Điều 2. Đối tượng áp dụng Thông tư này áp dụng đối với: 1. Ngân hàng thương mại. 2. Chi nhánh ngân hàng nước ngoài. 3. Văn phòng đại diện tại Việt Nam của tổ chức tín dụng nước ngoài, tổ chức nước ngoài khác có hoạt động ngân hàng (sau đây gọi là văn"
117310,ENT_DOITUONGAPDUNG_020,AP_DUNG_CHO,rule_extraction,0.95,"Điều 1. Phạm vi điều chỉnh và đối tượng áp dụng 1. Thông tư này quy định tỷ lệ an toàn vốn đối với ngân hàng, chi nhánh ngân hàng nước ngoài tại Việt Nam. 2. Đối tượng áp dụng gồm: a) Ngân hàng: Ngân hàng thương mại nhà nước, ngân hàng thương mại cổ"
117310,ENT_DOITUONGAPDUNG_002,AP_DUNG_CHO,rule_extraction,0.95,"Điều 1. Phạm vi điều chỉnh và đối tượng áp dụng 1. Thông tư này quy định tỷ lệ an toàn vốn đối với ngân hàng, chi nhánh ngân hàng nước ngoài tại Việt Nam. 2. Đối tượng áp dụng gồm: a) Ngân hàng: Ngân hàng thương mại nhà nước, ngân hàng thương mại cổ"
166269,ENT_DOITUONGAPDUNG_035,AP_DUNG_CHO,rule_extraction,0.95,"Điều 2. Đối tượng áp dụng 1. Tổ hợp tác, hợp tác xã, liên hiệp hợp tác xã. 2. Thành viên của tổ hợp tác, hợp tác xã, liên hiệp hợp tác xã. 3. Cơ quan, tổ chức, cá nhân có liên quan đến thành lập, tổ chức quản lý, tổ chức lại, giải thể, phá sản và hoạ"
166269,ENT_DOITUONGAPDUNG_022,AP_DUNG_CHO,rule_extraction,0.95,"Điều 2. Đối tượng áp dụng 1. Tổ hợp tác, hợp tác xã, liên hiệp hợp tác xã. 2. Thành viên của tổ hợp tác, hợp tác xã, liên hiệp hợp tác xã. 3. Cơ quan, tổ chức, cá nhân có liên quan đến thành lập, tổ chức quản lý, tổ chức lại, giải thể, phá sản và hoạ"
177271,ENT_DOITUONGAPDUNG_035,AP_DUNG_CHO,rule_extraction,0.95,"Điều 2. Đối tượng áp dụng 1. Quỹ tín dụng nhân dân. 2. Tổ chức, cá nhân có liên quan đến việc cấp Giấy phép lần đầu, cấp đổi Giấy phép của quỹ tín dụng nhân dân, cấp bản sao Giấy phép từ sổ gốc."
44209,ENT_DOITUONGAPDUNG_035,AP_DUNG_CHO,rule_extraction,0.95,"Điều 2. Đối tượng áp dụng 1. Ngân hàng Nhà nước Việt Nam (sau đây gọi tắt là Ngân hàng Nhà nước). 2. Tổ chức tín dụng, chi nhánh ngân hàng nước ngoài. 3. Khách hàng trong quan hệ giao dịch tiền mặt, tài sản quý, giấy tờ có giá với Ngân hàng Nhà nước,"
44209,ENT_DOITUONGAPDUNG_027,AP_DUNG_CHO,rule_extraction,0.95,"Điều 2. Đối tượng áp dụng 1. Ngân hàng Nhà nước Việt Nam (sau đây gọi tắt là Ngân hàng Nhà nước). 2. Tổ chức tín dụng, chi nhánh ngân hàng nước ngoài. 3. Khách hàng trong quan hệ giao dịch tiền mặt, tài sản quý, giấy tờ có giá với Ngân hàng Nhà nước,"
